HSCs_Thrombocytes,BloodProgens,Erythroid,Neutrophils,Macrophages,Macrophages_Myeloid,B_cells,T_cells,NK_cells,NKL_cells,Kidney_progens,Kidney_proxtubule,Kidney_disttubule,Nephron_epithelium,Kidney_mucin,Kidney_multiciliated,Vasc_endothelium,runx_overlap,runx_fraction,runx_trajectory,cd41_thrombos,mpx_neutros,lck_T_NK_cells,lck_NK_cells,rag2_B_cells,Neuroblastoma,Steroids_interrenal,Endocardium(Atrium),Immune(heart),Endocardium(Ventricle),Cardiomyocytes(Ventricle),Erythrocytes(heart),Fibroblasts(heart),SmoothMuscleCells,Cardiomyocytes(Atrium),BloodVesselEndothelial,Epicardium,ProliferatingCells(Heart),SchwannCells,CardiacNeurons,Thyroid,Nrblstm_ADRN,Nrblstm_MES
fn1b,si:ch211-214p16.1,si:dkey-25o16.2,mpx,ctss2.2,irf8,zgc:153659,si:ch211-214p16.1,ccl38a.5,ccl33.3,rbp4,aldob,si:ch211-139a5.9,epcam,si:dkey-203a12.2,h1f0,cxcl12a,CABZ01080074.2,zfpm1,meis1b,itga2b,slc51a,bcl11ba,zbtb32,CD37,MYCN,mrap,spock3,grn1,si:ch73-86n18.1,tnni4a,si:ch211-5k11.8,col1a2,rgs5a,tnnc1b,hbegfb,gstm.3,hmgn2,mbpa,vipb,tg,abca3a,abracl
fgl2a,npm1a,si:xx-by187g17.1,npsn,lygl1,sftpbb,zgc:194275,dusp2,ccl38.6,nkl.3,fstl1b,ucp1,mb,cldnh,si:dkey-203a12.8,tuba7l,sele,si:ch211-117l17.7,hdr,si:ch211-222l21.1,apln,BX908782.1,ccr7,nkl.2,CXCR5,EGFP,star,zgc:158343,ccl35.1,aqp8a.1,CR926459.1,hbba1.1,col1a1a,acta2,nppa,admb,s100a10a,hmgb2a,cd59,stmn1b,moxd1l,abca3b,acadvl
itga2b,ahcy,slc4a1a,BX908782.3,c1qb,cd74b,si:ch1073-78m18.1,BX784026.1,BX908792.2,nkl.4,col1a1b,TMEM27,si:ch73-359m17.9,spint2,si:dkey-77g12.4,si:ch73-111k22.3,kdrl,cald1l2,gp1bb,cald1l2,si:ch73-308b14.1,ppp1r14aa,cd4-1,ccl38.6,si:dkey-24p1.1,phox2a,gramd1a,ptgs2a,cd74a,fabp11a,fabp3,hbba1,mdka,C11orf96,myh6,wu:fj16a03,fn1b,tubb2b,mbpb,elavl4,cldnc,abcb4,acap2
si:dkeyp-116a7.2,rsl1d1,si:ch211-103n10.5,si:ch211-9d9.1,KRT18_1_of_many,cd74a,si:dkey-234i14.9,sesn1,zbtb32,si:dkeyp-116a7.2,col1a1a,si:ch211-139a5.9,atp1a1a.4,sdc4,si:dkey-203a12.6,zgc:55461,cpn1,gp1bb,rhag,orc1,fn1b,rab11bb,cd8a,ccl34b.4,cd79b,hand2,cyp21a2,im:7152348,grn2,spock3,myl7,hbaa1,col1a1b,TPM1 (1 of many),si:ch211-270g19.5,si:ch211-195b11.3,postnb,h3f3b.1,mpz,syt1a,crhbp,ablim1a,acta2
tpm4a,fabp3,alas2,lect2l,c1qc,mpeg1.1,igl3c3,zap70,ccl38a.4,si:ch73-308b14.1,krt94,slc22a2,cdh17,tspan35,si:dkeyp-75b4.10,zgc:92249,cpn1,hif1aa,tuba8l4,si:dkey-261h17.1,ctgfa,cpa5,def6b,si:dkey-21e2.12,ighz,dbh,cyp11c1,mycb,pfn1,mb,cmlc1,hbba2,ccl25b,tagln,nppb,apln,mmp2,hmgb2b,scn4ab,tuba1c,cx30.3,ablim1b,actn1
myh11a,gtpbp4,hbaa1,adam8a,c1qa,lgals2a,igic1s1,ccl34b.4,si:dkey-78l4.4,si:ch211-188c18.1,igfbp5b,sepp1a,bin2a,krt8,si:dkey-203a12.7,ckba,cdh5,itga2b,prkar2aa,mpl,fgl2a,lyz,ggt1l2.2,si:ch211-165b19.8,igic1s1,th,hsd3b1,her6,cd74b,ramp2,actc1a,cahz,col5a1,krt91,tcap,cldn5b,krt15,h2afvb,plp1b,gap43,crygs2,acot7,adam19a
gp1bb,adh5,CR735126.1,ponzr6,grna,zgc:55621,cd74a,si:dkey-183p4.10,si:ch211-209l18.6,si:ch211-214p16.1,mfap5,pdzk1,glsb,krt18,si:dkey-203a12.5,sycp1,vsg1,mpl,tal1,si:dkey-29l4.4,flna,glrx2,gpr184,si:dkey-10h3.2,igl2v1,LMO1,,id2b,fcer1gl,epas1b,myh7l,hbaa2,fn1b,myh11a,hsp90aa1.1,sele,si:ch211-105c13.3,stmn1a,apoeb,stmn2a,pax2a,actl6b,adam19b
flna,eef1da,cahz,cfl1l,grn1,ctss2.2,cd74b,btg1,si:dkey-21e2.12,arl11,sparc,gpt2l,atp1b1a,pfn2,si:dkey-203a12.3,si:dkey-40g16.5,sepp1a,mtus1b,znfl2a,myh11a,thbs1b,si:ch73-322b17.3,il7r,MCTP1,igl2v2,BIRC5,,aqp8a.1,si:busm1-266f07.2,cdh5,acta1b,si:ch211-103n10.5,sparc,myl6,ttn.2,cxcl12b,si:ch211-106h4.12,tuba8l4,BX936284.1,mllt11,slc16a9a,acvr1ba,adam9
meis1b,csf1rb,blvrb,cpa5,si:dkey-5n18.1,si:busm1-266f07.2,mhc2dab,si:dkeyp-116a7.2,nitr2b,cd74a,c6,fbp1b,sepp1a,cldnb,si:ch211-14a17.10,si:ch211-57h10.1,krt18,myl9b,blvrb,fli1a,si:dkeyp-116a7.2,si:dkey-83k24.5,itk,nkl.4,igl4c1,gata3,,si:ch211-153b23.5,c1qb,si:ch211-145b13.6,ak1,slc4a1a,dpt,itih1,tnni1b,cxcl12a,krt4,pcna,anxa13l,snap25a,,acvr1bb,adamts5
ahnak,ddx21,rhag,lyz,cd74b,zgc:103700,dap1b,si:ch211-265g21.1,si:dkey-21e2.11,si:ch211-265g21.1,col1a2,gstt1a,cox5b2,spry2,MFAP4_1_of_many,ift46,col4a1,pbx1a,nfe2,itga2b,srgn,ANPEP,si:ch1073-15f19.2,si:dkey-183i3.6,igl4v8,mCherry,,clic2,lygl1,her6,ndufa4,hemgn,clu,myl9a,tnnt2a,rgcc,frzb,anp32b,si:rp71-19m20.1,rtn1b,,adam22,adgre5a
sdprb,CABZ01070258.1,FTL,scinlb,grn2,rnaset2l,POU2AF1,si:ch211-165d12.4,si:ch73-226l13.2,si:dkey-193e13.8,dcn,gstr,slc43a2b,basp1,CABZ01058646.1,syce2,cfd,si:ch211-195b11.3,tgm2b,pbx1a,si:ch211-195b11.3,jakmip1,si:ch211-132g1.6,prf1.8,pax5,phox2bb,,krt18,c1qc,f8,nme2b.2,alas2,mfap5,vim,aldoab,rbp2a,anxa2a,cdk1,sncga,crhbp,,adcyap1r1a,adgre5b.1
plek,si:ch211-222l21.1,tspo,mmp13a,krt8,si:ch211-265g21.1,igl1c3,si:ch211-119e14.1,Æ’ponzr,cd74b,c4,pdzk1ip1,ndrg1a,si:ch73-359m17.5,itln1,cfap126,mrc1a,si:ch211-5k11.6,blf,zgc:171686,lpp,cst3,si:ch211-149e23.4,creb5b,pou2f2a,gch1,,cxcl18b,si:ch211-214p16.1,fosab,gapdh,igfbp1a,dcn,ctgfa,ttn.1,fabp11a,rbp4,h2afva,nrgna,sncga,,adcyap1r1b,adgre5b.2
apln,myca,ba1,nccrp1,cd74a,si:dkey-193e13.8,si:dkey-158e13.14,si:ch211-67e16.3,ccl34b.4,si:ch211-11c3.6,si:ch211-105c13.3,pvalb9,spint2,si:ch211-207n23.2,si:dkey-77g12.1,enkur,gpr182,tgm2b,tubb1,elmo1,cald1l2,si:ch1073-429i10.1,si:dkey-11f4.20,si:dkey-78l4.4,si:ch1073-78m18.1,gch2,,klf2a,ctsd,eppk1,eno3,si:ch211-250g4.3,c6.1,BX663503.3,smtnl1,plvapb,krt94,si:ch73-281n10.2,cd9b,stmn2b,,adgrb3,adgre5b.3
pmp22b,hmga1a,si:dkey-16p21.8,timp2b,ctsba,si:dkeyp-116a7.2,ighv1.4,sh2d1ab,si:ch211-165b19.8,arl11l,plpp3,dab2,ndrg3a,cdh1,si:ch1073-376c22.1,pvalb6,she,tubb1,meis1b,tpm4a,tln1,gapdh,si:dkey-19b23.10,si:dkey-11d18.4,si:ch211-145b13.6,phex1,,si:ch73-335l21.4,lgals3bpb,socs3a,atp5pd,nt5c2l1,pmp22a,flna,gapdh,id1,tmsb1,rrm2.1,stmn1b,ywhag2,,agtpbp1,adgrg6
si:ch211-214p16.1,si:ch211-161c3.6,epb41b,srgn,si:dkey-193e13.8,ctsbb,CD37,ccr9a,si:dkey-183i3.6,si:dkey-29l4.4,si:dkey-97i18.5,pah,si:dkey-56m19.5,pax2a,hp,hsf5,marcksl1b,zgc:171686,gata1a,sema6bb,si:dkeyp-1h4.9,cited4a,si:dkey-266f7.10,ca2,si:ch73-380l3.2,,,si:ch211-248e11.2,si:ch211-147m6.2,podxl,ckma,blvrb,fn1a,lmod1b,tnnc1a,fgl2a,endouc,mki67,fstl3,anxa13l,,ahsa1a,aebp1
si:ch211-222l21.1,si:ch73-1a9.3,aqp1a.1,vamp8,fcer1gl,bpifcl,zgc:103700,si:dkey-262k9.2,cxcl32b.1,wipf1a,IFITM3,mt2,cox6a2,tnfrsf11b,si:ch211-214p16.1,tdrd7a,tspan4b,zgc:92880,mef2aa,ssfa2,myh11a,si:dkey-53k12.2,tcf7,nitr1b,si:dkey-158e13.14,,,vcam1b,ctss2.2,lpl,aldoaa,si:dkey-16p21.8,si:ch1073-459j12.1,si:dkey-164f24.2,zgc:101840,tmsb1,anxa1a,DUT,itgb4,tubb5,,ahsa1b,ajuba
ilk,nop56,alox5b.3,il6r,zgc:92066,si:dkey-265j8.1,grap2b,arrdc3b,si:dkey-21e2.7,hcls1,ccl25b,si:dkey-33i11.9,atp5g1,cxcl20,agr2,dusp22b,stab1,bmp16,tubg1,pear1,tmsb4x,BX908782.3,traf3ip2l,si:ch211-209l18.2,si:dkey-238d18.13,,,cfd,marco,jun,tnnt2a,gpx1a,postnb,krt4,cmlc1,pim2,ppdpfa,ube2c,scn1ba,ddc,,akap12a,aldh1a3
pdlim1,ncl,tmod4,sult2st1,zgc:103700,cyb561a3a,si:ch1073-220m6.1,plk3,hpdb,si:ch211-102c2.4,cd81a,ahcyl1,gucy2c,cldnc,ccl34b.9,dnali1,aplp2,pear1,mpl,b3gnt3,rap1b,npsn,zap70,cxcl32b.1,si:dkey-238d18.6,,,ptgs2b,ctss2.1,si:ch211-248e11.2,tpm4a,mibp,htra1b,si:busm1-57f23.1,atp2a2a,thbs1b,CR318588.3,mad2l1,cldnk,slc5a7a,,akap12b,ammecr1
fli1a,fbl,gpx1a,BX908782.1,mhc2dab,mhc2dab,arrdc3b,si:dkey-193e13.8,si:dkey-161l11.64,bhlhe40,krt8,atp1a1a.4,clcnk,krt91,si:ch211-214p16.2,si:ch211-107e6.5,mgll,rac3a,psmd6,myh9b,gp1bb,vwa11,ccl38a.4,si:ch211-209l18.6,zgc:153659,,,fosb,hspbp1,akap12b,cox7a1,tspo,c4,tpm2,mybpc3,FO681357.1,hsd11b2,lbr,CABZ01068367.1,zgc:65894,,akap1a,antxr1a
blf,myb,nmt1b,si:dkey-10p5.7,ctsc,ctss2.1,si:dkey-238c7.13,ptprc,si:ch211-234p6.9,fcer1gl,tmem176l.1,agxtb,cox8b,tmem45b,si:ch73-206h6.3,cetn4,krt8,thbs1b,cbx5,,ano5b,mcl1b,si:ch73-285p12.4,si:dkey-21e2.11,zgc:194275,,,vwf,BX908782.2,tmem88b,cox5b2,aqp1a.1,col12a1a,zgc:77517,tpm4a,hopx,podxl,sumo3b,sox10,gng3,,akap1b,antxr1b
tln1,nhp2,uros,fcer1gl,si:ch211-194m7.8,psap,cd79a,si:dkey-238c7.13,si:ch211-165b19.4,arpc1b,ahnak,zgc:110339,me3,atp1b1a,pdia2,odf3b,clec14a,,,,,,,,,,,dusp5,si:ch211-147m6.1,id2b,tnnc1a,zgc:163057,col6a3,cfd,ddx54,itga2b,c6.1,nusap1,egr2b,FO907089.1,,alk,antxr1c
myl9b,seph,si:ch211-207c6.2,sepw1,si:ch211-265g21.1,si:dkey-238c7.13,arl11,si:ch1073-220m6.1,nkl.2,efhd2,marcksl1a,pnp6,slc7a8a,tnfrsf11a,CABZ01112049.1,ropn1l,si:ch211-248e11.2,,,,,,,,,,,fosab,cxcr4b,junba,hspb11,epb41b,hapln1a,tmsb4x,ckma,srgn,s100a10b,tmem14ca,si:ch211-286c4.6,phox2a,,ank2a,antxr1d
ctgfa,hist2h2l,creg1,ch25hl2,lgals2a,cyba,cxcr4b,dusp1,si:dkey-10h3.2,grap2b,lrp1aa,ndrg1a,mpc1,f11r.1,si:ch211-194m7.8,cfap20,rgcc,,,,,,,,,,,junba,rasgef1ba,grb10a,tnni1b,si:ch73-55i23.1,ckba,mdkb,myl7,tcima,dkk3b,top2a,pdgfbb,vip,,ank2b,anxa1a
si:dkeyp-1h4.9,si:dkey-239h2.3,si:ch211-250g4.3,thy1,psap,marcksl1a,si:busm1-194e12.12,gpr183a,BX914218.1,NCKAP1L,pmp22a,ahcy,hoxb8a,hnf1bb,C3_1_of_many,efcab2,cd81a,,,,,,,,,,,fosl1a,DNAJA4,si:ch73-335l21.4,cox4i1l,prdx2,rbp4,si:ch211-1a19.3,mybphb,cavin1b,cldnc,rpa2,nanos1,scg2b,,ankrd46a,anxa1b
si:ch211-226m16.2,apex1,metap2b,si:ch1073-429i10.1,fgl2a,spock3,cxcr4a,id3,faslg,mef2b,sdc4,aldh6a1,slc24a2,krt4,si:dkey-203a12.4,tekt1,zfp36l1b,,,,,,,,,,,jun,sqstm1,clic2,mdh2,si:ch211-207c6.2,col6a1,phlda2,actc1a,ldb2a,mdka,zgc:110540,timd4,nsg2,,ankrd46b,anxa1c
lpp,si:ch211-288g17.3,dmtn,PLPP1_1_of_many,atp6v0ca,syngr1b,si:ch211-119e14.1,si:ch73-308b14.1,si:dkey-161l11.66,ogfrl1,col5a1,krt18,mavs,etnk1,gyg1a,si:ch211-248e11.2,fam174b,,,,,,,,,,,grb10a,atp6v0ca,si:dkey-261h17.1,atp5mc1,gstm.1,ifitm1,dnajb4,si:ch211-131k2.3,thy1,crip1,hmbsa,lim2.2,phox2bb,,anp32a,anxa2a
tspan4b,prmt1,zgc:92880,ncf1,mfap4,npc2,marcksl1a,si:dkey-109a10.2,si:dkey-37m8.8,arpc5b,pcolcea,rbm47,cldnh,agr2,cfp,rnf4,ramp2,,,,,,,,,,,gpr182,si:dkey-27i16.2,cyp1b1,idh2,TCIM (1 of many),tnfaip6,cyr61,cox5b2,si:ch211-214p16.2,ckba,aspm,acbd7,vgf,,ap1s2,anxa2b
sept12,stmn1a,epor,cotl1,marco,enpp1,klf2a,si:dkey-29l4.4,tbkbp1,bpifcl,klf2a,gamt,cox5ab,gpx1b,ssr3,efhc1,dlc,,,,,,,,,,,btg2,arpc1b,klf6a,mustn1b,fth1a,tfa,CR855337.1,ACTC1,selenop,mmel1,cenpf,ugt8,pcsk1nl,,arhgef7a,anxa5a
rac3a,dkc1,igfbp1a,myh9a,slc2a6,grna,ptmaa,cxcr3.1,cmah,yrk,ablim1b,gpd1b,cycsb,tnks1bp1,CFI,cremb,stab2,,,,,,,,,,,tmem88b,NPC2 (1 of many),tspan4b,rbpms2b,si:dkey-188i13.9,si:ch211-106h4.12,lpp,ldhba,si:ch211-214p16.1,si:ch211-286o17.1,ccna2,gpm6ab,cpe,,arhgef7b,anxa5b
rap1b,nop58,si:ch211-5k11.6,scpp8,ms4a17a.10,gm2a,syk,,si:ch211-209l18.2,zgc:103700,zgc:158463,slc16a9a,ndufa4,ptprjb.1,,cfap52,tmem176,,,,,,,,,,,edn2,stip1,spon1b,cox6b1,slc20a1a,anxa2a,mylka,idh2,gp1bb,tfa,zgc:165555.15,nr4a2b,atp1a3a,,arl6ip1,anxa6
,,,,,,,,,,,,,,,,,,,,,,,,,,,ackr4b,zgc:64051,ecscr,atp5mc3b,,f3b,fbln5,pabpc4,gcnt4a,col1a2,anp32a,phlda2,chata,,ascl1a,apoea
,,,,,,,,,,,,,,,,,,,,,,,,,,,socs3a,grna,junbb,ATP5MD,,col5a2a,tns1b,synpo2lb,podxl,cxcl14,prdx2,bcam,cplx2,,ascl1b,apoeb
,,,,,,,,,,,,,,,,,,,,,,,,,,,bzw1b,hspa4a,cav1,ppdpfa,,mmp2,gch2,acta1b,bsg,col6a1,slc4a1a,ptmab,hpcal4,,asrgl1,appa
,,,,,,,,,,,,,,,,,,,,,,,,,,,glulb,psap,ackr4b,ldb3b,,ppib,fhl3b,ldb3a,rap1b,phactr4a,hmga1a,plekha1a,atp1b2a,,atcaya,appb
,,,,,,,,,,,,,,,,,,,,,,,,,,,zfp36l1b,CR318588.1,marcksl1b,atp5meb,,pcolcea,ifitm1,mdh2,jam2a,spaca4l,tuba8l,calm1a,clstn1,,atcayb,arhgap1
,,,,,,,,,,,,,,,,,,,,,,,,,,,si:ch211-145b13.6,hmox1a,srgn,pgam2,,CR936442.1,slmapb,lmo7a,si:ch211-105j21.9,si:ch211-198c19.3,banf1,id1,map1b,,atl1,arhgef40
,,,,,,,,,,,,,,,,,,,,,,,,,,,akap12b,coro1a,klf2b,tpi1b,,serpine1,anxa1a,rbpms2b,tln1,si:ch1073-459j12.1,hemgn,vim,maptb,,atp6v1b2,arl1
,,,,,,,,,,,,,,,,,,,,,,,,,,,ponzr1,zgc:174904,tmem88a,mpc1,,sostdc1a,pcolcea,cox7c,scarb2a,aldh1a2,si:ch211-288g17.3,efhd1,rab6bb,,atp6v1ba,arl4aa
,,,,,,,,,,,,,,,,,,,,,,,,,,,igf2b,cotl1,appa,slc25a5,,olfml3b,c2cd4a,cox7a1,rgs5b,timp2a,blvrb,vwa1,synpr,,atpv0e2,arl4ab
,,,,,,,,,,,,,,,,,,,,,,,,,,,ctsla,mfap4,ier2b,atp5po,,cxcl12a,alcama,atp5f1e,fam212ab,col1a1a,si:ch211-103n10.5,pmp22b,prph,,auts2a,arpc1b
,,,,,,,,,,,,,,,,,,,,,,,,,,,pim1,si:dkey-5n18.1,her9,zgc:193541,,mgp,fhl1a,uqcrfs1,si:dkey-203a12.9,icn,tubb4b,cadm4,syt11a,,auts2b,asph
,,,,,,,,,,,,,,,,,,,,,,,,,,,ramp2,cebpb,egfl7,cox6a2,,tmsb2,hspb1,mdh1aa,si:ch211-153b23.5,cav1,tspo,ip6k2a,tuba2,,bend4,atp10d
,,,,,,,,,,,,,,,,,,,,,,,,,,,sat1a.2,lgmn,slc22a31,atp5f1d,,c1qtnf5,cst3,atp5l,sept12,col1a1b,hbaa2,gadd45ga,stxbp1a,,birc5a,atp1b1a
,,,,,,,,,,,,,,,,,,,,,,,,,,,jdp2b,CR855311.1,si:ch211-160j14.3,uqcr10,,crip1,calm2b,acadvl,cavin2b,tuba1a,hbba2,slc44a1b,vamp2,,birc5b,atp1b1b
,,,,,,,,,,,,,,,,,,,,,,,,,,,errfi1a,c1qa,fam174b,cox7b,,txn,cav2,ATP5MD,kdrl,CR318588.4,si:ch73-1a9.3,qki2,stx1b,,bmp7a,atp2b1a
,,,,,,,,,,,,,,,,,,,,,,,,,,,tmem88a,nfkbiaa,kdrl,cox6c,,si:ch211-198c19.3,zgc:92162,atp5mc3b,si:ch211-156j16.1,mfap5,,sparc,elavl3,,bmp7b,atp2b1b
,,,,,,,,,,,,,,,,,,,,,,,,,,,dnajb1b,ncf1,zgc:64106,atp5if1b,,si:ch211-105c13.3,clic4,xirp1,tagln2,si:ch211-156j16.1,,pcbp4,si:ch73-119p20.1,,bmpr1ba,atp2b4
,,,,,,,,,,,,,,,,,,,,,,,,,,,ier2a,rac2,si:ch211-222l21.1,atp5f1e,,fstl1b,zgc:153867,mpc1,sik1,c4,,pfn2,cntnap2a,,bmpr1bb,atp6v0e1
,,,,,,,,,,,,,,,,,,,,,,,,,,,nr4a1,laptm5,zgc:152791,cox7c,,si:ch211-137i24.10,atf3,desma,ch25h,tcf21,,marcksl1b,cplx2l,,cacna1ba,atp8b2
,,,,,,,,,,,,,,,,,,,,,,,,,,,krt8,rhbdd1,pmp22b,atp5l,,gstm.3,htra1a,atp5f1b,cav1,f3b,,tcima,eef1a1a,,cacna1bb,atxn1a
,,,,,,,,,,,,,,,,,,,,,,,,,,,junbb,tspan36,si:dkeyp-97a10.2,atp5pf,,tmem176,zgc:162730,cox7b,zgc:153867,tbx18,,cxcl14,sypa,,cacna2d2a,atxn1b
,,,,,,,,,,,,,,,,,,,,,,,,,,,fosl2,atp6v1g1,klf2a,gamt,,serpinh1b,cald1b,hspb11,ptmaa,sparc,,tmem176,ret,,cacna2d2b,b2m
,,,,,,,,,,,,,,,,,,,,,,,,,,,arl5c,si:ch211-212k18.7,tfpia,csrp3,,col6a2,pfn2,calm3a,sox7,lxn,,id2a,si:dkey-7j14.5,,cadm1b,bag3
,,,,,,,,,,,,,,,,,,,,,,,,,,,cyp2ad2,hspa5,gng2,mdh1aa,,edil3a,wfdc2,atp5meb,cdh5,col6a3,,ptmaa,map7d2b,,camsap1a,bgna
,,,,,,,,,,,,,,,,,,,,,,,,,,,kctd12.2,arhgdig,krt94,cox5aa,,zgc:195173,bhmt,si:dkey-51e6.1,hsp70l,f10,,jun,chrna3,,camsap1b,bgnb
,,,,,,,,,,,,,,,,,,,,,,,,,,,serpinh1b,ctsc,ccdc187,ndufb7,,dkk3b,cd99,ndrg4,gig2j,krt8,,zgc:63831,kif1aa,,ccdc167,bmp5
,,,,,,,,,,,,,,,,,,,,,,,,,,,CR318588.4,zgc:92066,fosb,atp5f1b,,cd81a,si:ch211-137i24.10,bves,si:dkey-126g1.9,CR318588.1,,gulp1a,nfasca,,ccnd1,bnc2
,,,,,,,,,,,,,,,,,,,,,,,,,,,id3,ctsz,errfi1a,mb,,selenop,rbpms2a,pla1a,plvapa,myh10,,tsc22d3,syngr3b,,ccni,boc
,,,,,,,,,,,,,,,,,,,,,,,,,,,slc22a31,pdcd4b,clec14a,mybpc3,,mxra8b,sort1a,trim63a,pdgfbb,olfml3b,,fosb,ache,,ccsapa,cald1a
,,,,,,,,,,,,,,,,,,,,,,,,,,,lpl,wbp2,msna,uqcrq,,CT027638.1,tpm4b,cox5aa,phlda2,adh8a,,icn,cygb2,,ccsapb,cald1b
,,,,,,,,,,,,,,,,,,,,,,,,,,,ubb,hspa8,itm2ba,atp5f1c,,CR753876.1,rbp4,ptp4a3,cbx7a,slc29a1b,,si:ch211-195b13.1,tmsb,,cdc42ep3,calua
,,,,,,,,,,,,,,,,,,,,,,,,,,,ddx5,pnp5a,anxa13,ldhba,,phlda2,ptmaa,atp5fa1,gpm6ab,id2a,,tuft1a,atp1b1b,,cdca5,calub
,,,,,,,,,,,,,,,,,,,,,,,,,,,hsp70.3,BX248082.1,nrarpa,cox5ab,,adh8a,lsp1,atp5pf,mcamb,c1qtnf5,,tubb4b,marcksb,,cdkn2c,capn2a
,,,,,,,,,,,,,,,,,,,,,,,,,,,hsp70.1,tppp,rhoca,selenow1,,serpinf1,hspb8,atp5mc1,pfn1,mxra8b,,xbp1,tspan7b,,cdkn3,capn2b
,,,,,,,,,,,,,,,,,,,,,,,,,,,rcan1a,ptprc,jdp2b,cox8b,,lxn,fhl2a,fhl1a,si:ch211-222l21.1,si:ch211-137i24.10,,btg1,stmn4l,,celf2,capn2l
,,,,,,,,,,,,,,,,,,,,,,,,,,,ier2b,hspd1,im:7152348,atp5mf,,hsd11b2,f3a,ckbb,bcl6b,tagln2,,gstp1,sult4a1,,cenpv,cbfb
,,,,,,,,,,,,,,,,,,,,,,,,,,,chac1,actb2,flt1,cox6b2,,rgs5b,kng1,cox6a2,ecscr,c6,,rsrp1,arpp21,,cep44,cblb
,,,,,,,,,,,,,,,,,,,,,,,,,,,sdc4,hspe1,ahnak,cox17,,fkbp7,rasl11b,ldha,myl12.1,si:ch73-46j18.5,,tuba8l3,slc18a3a,,cerk,ccdc80
,,,,,,,,,,,,,,,,,,,,,,,,,,,appa,ccl34a.4,yrk,uqcrfs1,,icn,fxyd1,nmrk2,plpp3,arl6ip5b,,myo1cb,clstn3,,cetn3,cd164
,,,,,,,,,,,,,,,,,,,,,,,,,,,egfl7,si:ch211-194m7.4,tuba8l3,cycsb,,ssr3,bag3,cox8b,ptprb,aldh9a1a.1,,vat1,flot1b.1,,chga,cd44a
,,,,,,,,,,,,,,,,,,,,,,,,,,,zgc:162730,mrc1b,ponzr1,aldoab,,si:dkey-8k3.2,timp2a,slc25a5,epas1b,s100v2,,jdp2b,eno2,,chgb,cd44b
,,,,,,,,,,,,,,,,,,,,,,,,,,,hsp70.2,cfp,fosl1a,LO018013.1,,C11orf96,pbxip1b,pdk2a,afap1l1b,cd81a,,cd81a,sv2a,,chrna3,cd59
,,,,,,,,,,,,,,,,,,,,,,,,,,,fabp11a,slc30a1a,fam107b,atp5pb,,mfap2,epas1a,uqcr10,zgc:171686,igfbp5b,,slc20a2,nsfa,,ckba,cd63
,,,,,,,,,,,,,,,,,,,,,,,,,,,cdh5,vmp1,cavin2b,atp5fa1,,tsc22d3,actb2,cox6c,hsp70.2,slco2b1,,elovl1b,si:dkey-85n7.6,,ckbb,cdh11
,,,,,,,,,,,,,,,,,,,,,,,,,,,hspb1,hsp90aa1.2,zgc:110182,ndufa4l,,ppdpfb,tln1,chchd10,lmo2,zgc:195173,,atf3,zgc:153426,,clasp2,cetn2
,,,,,,,,,,,,,,,,,,,,,,,,,,,gadd45ba,scpep1,ntn1b,chchd10,,pdia3,si:ch211-131k2.3,lmod2b,yrk,flnb,,atf4b,rgs16,,clgn,cfh
,,,,,,,,,,,,,,,,,,,,,,,,,,,cxcl8a,hmgn2,tmem176l.1,sod2,,nid1b,camk2n1a,fhl2a,rsrp1,acvrl1,,si:ch73-46j18.5,plcxd3,,crha,cfi
,,,,,,,,,,,,,,,,,,,,,,,,,,,marcksl1a,hsp90b1,dll4,ndufb8,,lum,ybx1,atp5mf,fosl2,cavin1b,,calm2b,sgip1a,,crhb,cilp
,,,,,,,,,,,,,,,,,,,,,,,,,,,zgc:64106,chchd2,egr1,ndufb3,,thbs3a,sh3bgrl2,atp5if1b,arpc1b,mgp,,rgcc,map4l,,crmp1,clic4
,,,,,,,,,,,,,,,,,,,,,,,,,,,her9,ctsba,krt18,ndufb4,,si:busm1-57f23.1,hand2,slc25a3b,fgd5a,ehd2b,,rn7sk,dctn1b,,cse1l,cmtm3
,,,,,,,,,,,,,,,,,,,,,,,,,,,hnrnpa0b,mpeg1.1,ier2a,pdha1a,,tcf21,si:dkey-57k2.6,smpx,tppp3,cd151,,,CABZ01072077.1,,cxadr,cmtm6
,,,,,,,,,,,,,,,,,,,,,,,,,,,ccdc187,ccr9a,s100a10b,smpx,,zgc:85975,egr1,atp5po,si:ch211-33e4.2,cygb1,,,itm2ca,,cxcr4a,cnn3a
,,,,,,,,,,,,,,,,,,,,,,,,,,,krt15,gapdhs,epoa,ndufb5,,mxra8a,nfil3-5,adprhl1,spns2,tuba8l,,,scg3,,cxcr4b,cnn3b
,,,,,,,,,,,,,,,,,,,,,,,,,,,cbx7a,hsp70l,mycb,cox4i1,,tagln2,pdlim1,ldb3b,hsp70.3,htra1b,,,nptna,,cyfip2,col11a1a
,,,,,,,,,,,,,,,,,,,,,,,,,,,CR318588.3,spi1b,lfng,ndufs5,,zgc:158463,mprip,tuba8l2,fli1a,itm2cb,,,necap1,,cygb1,col11a1b
,,,,,,,,,,,,,,,,,,,,,,,,,,,spint2,rgs13,,uqcrh,,timp2b,cfl1,CR753876.1,oaz2a,dap1b,,,mab21l1,,cygb2,col12a1a
,,,,,,,,,,,,,,,,,,,,,,,,,,,hpgd,zgc:77517,,atp5mc3a,,cxcl18b,tppp3,sorbs1,myh9a,si:dkey-188i13.7,,,syt4,,dapk1,col12a1b
,,,,,,,,,,,,,,,,,,,,,,,,,,,calm1a,fkbp4,,ndufb10,,s100a10b,serpinh1b,cox17,dysf,slc43a3b,,,stmn4,,dbh,col1a1a
,,,,,,,,,,,,,,,,,,,,,,,,,,,sox7,edrf1,,ndufa6,,endouc,si:ch211-270g19.5,ndufb3,krt18,tmem98,,,acbd7,,ddc,col1a1b
,,,,,,,,,,,,,,,,,,,,,,,,,,,cd63,si:dkey-102g19.3,,vdac2,,prss23,slmapa,cox4i1l,si:dkey-262k9.2,ak2,,,tmem59l,,ddx39aa,col27a1a
,,,,,,,,,,,,,,,,,,,,,,,,,,,rpz5,zgc:173915,,ndufa5,,c7a,mfge8b,ndufb10,nr4a1,selenop,,,qdpra,,ddx39ab,col27a1b
,,,,,,,,,,,,,,,,,,,,,,,,,,,cnn3a,hsph1,,slc25a3b,,s100v2,iqgap1,cox6b2,tmsb4x,col5a1,,,rab3c,,diabloa,col4a1
,,,,,,,,,,,,,,,,,,,,,,,,,,,cebpd,rnaseka,,ndufa2,,si:dkey-7j14.6,dusp1,ryr2b,bcl2l10,col6a2,,,elovl6,,diablob,col4a2
,,,,,,,,,,,,,,,,,,,,,,,,,,,hapln1b,zgc:153317,,hspb6,,slco2b1,si:dkeyp-94b4.1,zgc:193541,,zgc:123068,,,nrxn1a,,dkk1a,col5a1
,,,,,,,,,,,,,,,,,,,,,,,,,,,CR383676.1,capgb,,ndufab1b,,c6,csrp1a,uqcrq,,fstl1b,,,si:ch211-261c8.5,,dkk1b,col5a2a
,,,,,,,,,,,,,,,,,,,,,,,,,,,gng2,si:ch211-202a12.4,,sdhc,,s100w,pim1,atp5pd,,cxcl18b,,,tbx2a,,dlk1,col5a2b
,,,,,,,,,,,,,,,,,,,,,,,,,,,hbegfa,ahsa1b,,ndufa3,,dap1b,ckba,trdn,,vim,,,snap25b,,dnajb1a,col6a1
,,,,,,,,,,,,,,,,,,,,,,,,,,,nppc,timp2b,,NDUFC1,,krt94,si:ch211-156j16.1,atp5mc3a,,dclk1a,,,sst6,,dnajb1b,col6a2
,,,,,,,,,,,,,,,,,,,,,,,,,,,tspan4b,cyba,,nmrk2,,ssr2,matn4,atp5pb,,si:dkey-7j14.6,,,clstn2,,dnajc6,col6a3
,,,,,,,,,,,,,,,,,,,,,,,,,,,basp1,wsb1,,cyc1,,col18a1b,pnrc2,ak1,,pmp22a,,,kif5aa,,dnajc9,copa
,,,,,,,,,,,,,,,,,,,,,,,,,,,si:ch211-222l21.1,mafbb,,cox7a3,,lgals2a,mxra8b,unc45b,,ppdpfb,,,atp6v1b2,,dner,cped1
,,,,,,,,,,,,,,,,,,,,,,,,,,,nr4a2b,lgals2a,,uqcrb,,cygb1,acana,atp5f1d,,krt91,,,insl5a,,dpysl2a,cps1
,,,,,,,,,,,,,,,,,,,,,,,,,,,rhoca,pglyrp5,,ndufa12,,ssr4,ppp1r14ab,ndufb7,,cavin2b,,,syn2a,,dpysl2b,crabp2a
,,,,,,,,,,,,,,,,,,,,,,,,,,,hsp90aa1.2,FO704661.1,,ndufa8,,pcolce2b,sh3bgrl,znf106a,,eif4ebp3l,,,vamp1,,dpysl3,crabp2b
,,,,,,,,,,,,,,,,,,,,,,,,,,,tmem2,wasb,,pabpc4,,krt15,glud1a,zgc:85722,,dcn,,,atp6ap1a,,dpysl5a,creb3l2
,,,,,,,,,,,,,,,,,,,,,,,,,,,lfng,fgl2a,,ndufb9,,si:ch211-195m9.3,rgs5b,atp5f1c,,tnfsf10l,,,emp3b,,dpysl5b,creg1
,,,,,,,,,,,,,,,,,,,,,,,,,,,jund,atp6v1e1b,,ckmt2b,,col11a1b,notch3,cycsb,,ecm1b,,,rac3a,,dtd1,creld2
,,,,,,,,,,,,,,,,,,,,,,,,,,,cyp3c1,anxa3b,,atp5if1a,,fkbp9,coro1ca,cox7a3,,tmsb2,,,map1aa,,dusp4,crispld1a
,,,,,,,,,,,,,,,,,,,,,,,,,,,egr1,cd9b,,ACTC1,,timp2a,tmem47,nkx2.5,,efna1b,,,olfm1b,,eef1a2,crispld1b
,,,,,,,,,,,,,,,,,,,,,,,,,,,dusp2,arpc2,,minos1,,kcne4,lrp1aa,vdac3,,elovl1b,,,si:ch211-113g11.6,,eif1,crtap
,,,,,,,,,,,,,,,,,,,,,,,,,,,marcksl1b,sdcbp2,,acadvl,,ctgfa,tnfaip6,cox4i1,,sox11b,,,sept5a,,elavl2,csrp1a
,,,,,,,,,,,,,,,,,,,,,,,,,,,hnrnpa0l.1,ms4a17a.10,,fhl1a,,jpt1b,creb3l2,ndufa4l,,tuba1c,,,CR812832.1,,elavl3,csrp1b
,,,,,,,,,,,,,,,,,,,,,,,,,,,eppk1,tmsb1,,vdac3,,rnd3b,si:dkeyp-75h12.5,rbpms2a,,,,,fez1,,elavl4,ctdsp2
,,,,,,,,,,,,,,,,,,,,,,,,,,,loxl1,stoml3b,,ndufa1,,nid1a,plpp1a,ndufb4,,,,,PCP4L1,,eml6,ctnna1
,,,,,,,,,,,,,,,,,,,,,,,,,,,atf4b,zgc:101583,,dbi,,si:ch1073-291c23.2,FP102018.1,ndufa6,,,,,cadpsb,,endog,ctsba
,,,,,,,,,,,,,,,,,,,,,,,,,,,sik1,cndp2,,ndufv2,,plpp1a,cavin1b,ndufa1,,,,,slc7a14a,,eno2,ctsbb
,,,,,,,,,,,,,,,,,,,,,,,,,,,cwc15,si:ch211-9d9.1,,ndufab1a,,anxa1a,aplp2,slc8a1a,,,,,abhd15a,,esrrga,ctsc
,,,,,,,,,,,,,,,,,,,,,,,,,,,trib3,npc2,,ndufs7,,frzb,mgll,sod2,,,,,ppp1r1c,,esrrgb,ctso
,,,,,,,,,,,,,,,,,,,,,,,,,,,s100v2,lcp1,,cs,,fibinb,uchl1,uqcrc1,,,,,npas4a,,evla,cx40.8
,,,,,,,,,,,,,,,,,,,,,,,,,,,tob1b,gm2a,,sorbs1,,atf5b,,mdh1ab,,,,,islr2,,evlb,cx43
,,,,,,,,,,,,,,,,,,,,,,,,,,,ppp1r10,ctsa,,mdh1ab,,tbx18,,iscub,,,,,lrrn1,,exoc5,cxcl12a
,,,,,,,,,,,,,,,,,,,,,,,,,,,lrrc15,mhc2dab,,rbp2a,,angptl1a,,ndufa5,,,,,CABZ01102528.1,,eya1,cxcl12b
,,,,,,,,,,,,,,,,,,,,,,,,,,,rsrp1,vsir,,CR753876.1,,lrrc17,,ndufa3,,,,,SNAP91 (1 of many),,fabp6,cybrd1
,,,,,,,,,,,,,,,,,,,,,,,,,,,si:ch211-202a12.4,b2m,,si:dkey-51e6.1,,foxp4,,ndufb5,,,,,tubb2,,fam107b,cyfip1
,,,,,,,,,,,,,,,,,,,,,,,,,,,tmem176l.1,ccng1,,acta1a,,,,pgam2,,,,,ptprna,,fam155a,cyp26a1
,,,,,,,,,,,,,,,,,,,,,,,,,,,slc25a25a,herpud1,,atp5mea,,,,pygmb,,,,,mapk8ip1a,,fam167aa,dcaf6
,,,,,,,,,,,,,,,,,,,,,,,,,,,f8,pmaip1,,ndufs3,,,,atp5if1a,,,,,hmx2,,fam167ab,ddost
,,,,,,,,,,,,,,,,,,,,,,,,,,,pmp22b,zgc:103700,,ndufb6,,,,ybx1,,,,,si:ch211-81a5.8,,fam169aa,ddr2a
,,,,,,,,,,,,,,,,,,,,,,,,,,,si:ch211-250c4.4,hp.1,,ndufs6,,,,nexn,,,,,insm1b,,fam169ab,ddr2b
,,,,,,,,,,,,,,,,,,,,,,,,,,,hsp70l,cfbl,,casq2,,,,myl9b,,,,,dlx2a,,faxca,desi2
,,,,,,,,,,,,,,,,,,,,,,,,,,,krt94,slc7a7,,ldb3a,,,,cyc1,,,,,nrsn1,,faxcb,dkk3a
,,,,,,,,,,,,,,,,,,,,,,,,,,,tfpia,slc2a6,,chchd6b,,,,myoz2b,,,,,hmx3a,,fbxo8,dkk3b
,,,,,,,,,,,,,,,,,,,,,,,,,,,srgn,asah1b,,got2a,,,,LO018013.1,,,,,si:dkeyp-69c1.7,,fev,dlc1
,,,,,,,,,,,,,,,,,,,,,,,,,,,si:ch211-284f22.3,pla2g15,,ndufa7,,,,atp1a3b,,,,,adcyap1r1a,,fhod3a,dlx1a
,,,,,,,,,,,,,,,,,,,,,,,,,,,aldh1a2,si:ch211-102c2.4,,coa6,,,,rtn1a,,,,,kcnma1a,,fhod3b,dlx2a
,,,,,,,,,,,,,,,,,,,,,,,,,,,zfand2a,uchl1,,ptp4a3,,,,vdac2,,,,,tlx2,,fignl1,dlx2b
,,,,,,,,,,,,,,,,,,,,,,,,,,,ecscr,adam8a,,ndufs8a,,,,ndufab1b,,,,,atcaya,,fkbp1b,dmd
,,,,,,,,,,,,,,,,,,,,,,,,,,,cyr61,tcirg1b,,ndufa11,,,,ndufb9,,,,,kif1ab,,fkbp4,dnajc1
,,,,,,,,,,,,,,,,,,,,,,,,,,,sfrp5,hsp70.1,,sdhb,,,,uqcrh,,,,,atp2b3b,,foxm1,dnajc10
,,,,,,,,,,,,,,,,,,,,,,,,,,,si:ch73-86n18.1,il10ra,,desma,,,,ndufs5,,,,,dpp6b,,foxo3a,dnajc3a
,,,,,,,,,,,,,,,,,,,,,,,,,,,,itgb2,,ndufs4,,,,ndufa8,,,,,CR556696.1,,foxo3b,dnajc3b
,,,,,,,,,,,,,,,,,,,,,,,,,,,,CR936442.1,,lmod2b,,,,zgc:122979,,,,,epdr1,,fsd1,dse
,,,,,,,,,,,,,,,,,,,,,,,,,,,,ifi30,,fh,,,,si:ch211-237l4.6,,,,,ncs1a,,fzd3a,dusp14
,,,,,,,,,,,,,,,,,,,,,,,,,,,,bri3,,cplx4c,,,,twf2b,,,,,rundc3ab,,fzd3b,dusp5
,,,,,,,,,,,,,,,,,,,,,,,,,,,,havcr1,,cox14,,,,acadm,,,,,sv2bb,,gabrb3,dusp6
,,,,,,,,,,,,,,,,,,,,,,,,,,,,oser1,,iscub,,,,ndufa12,,,,,nefma,,galn,edem1
,,,,,,,,,,,,,,,,,,,,,,,,,,,,si:dkey-112a7.4,,zgc:101840,,,,got2a,,,,,rab3ab,,gap43,ednraa
,,,,,,,,,,,,,,,,,,,,,,,,,,,,ctsh,,suclg1,,,,eno3,,,,,sncgb,,gata2a,ednrab
,,,,,,,,,,,,,,,,,,,,,,,,,,,,nfkbie,,calm3a,,,,myom1b,,,,,slc29a4,,gata2b,efemp2a
,,,,,,,,,,,,,,,,,,,,,,,,,,,,BX120005.1,,atp2a2a,,,,myom2a,,,,,dynll2a,,gata3,efemp2b
,,,,,,,,,,,,,,,,,,,,,,,,,,,,hsp70.2,,eif4ebp1,,,,pdha1a,,,,,dclk1b,,gch1,egfra
,,,,,,,,,,,,,,,,,,,,,,,,,,,,grap2b,,stau2,,,,coa6,,,,,snap91,,gch2,egfrb
,,,,,,,,,,,,,,,,,,,,,,,,,,,,mafba,,adsl,,,,ndufa2,,,,,celf4,,gdap1,egr1
,,,,,,,,,,,,,,,,,,,,,,,,,,,,nccrp1,,prdx3,,,,ctnnb1,,,,,cyfip2,,gdap1l1,egr3
,,,,,,,,,,,,,,,,,,,,,,,,,,,,tnfb,,acsl1b,,,,flnca,,,,,lin7b,,gdi1,ehd2a
,,,,,,,,,,,,,,,,,,,,,,,,,,,,spi1a,,rtn1a,,,,cs,,,,,zgc:64022,,gdpd1,ehd2b
,,,,,,,,,,,,,,,,,,,,,,,,,,,,samsn1a,,ndufa9a,,,,cplx4c,,,,,zgc:153031,,ggcta,elavl1a
,,,,,,,,,,,,,,,,,,,,,,,,,,,,si:ch211-153b23.7,,ckbb,,,,hspb8,,,,,arf3a,,ggctb,elavl1b
,,,,,,,,,,,,,,,,,,,,,,,,,,,,fuca2,,si:ch211-237l4.6,,,,gnb5b,,,,,rgs8,,ggh,elf1
,,,,,,,,,,,,,,,,,,,,,,,,,,,,litaf,,ndufv3,,,,riok2,,,,,dpysl5a,,glcci1a,elk3
,,,,,,,,,,,,,,,,,,,,,,,,,,,,arl6ip1,,mrps36,,,,hmgb3a,,,,,dlg2,,glcci1b,elk4
,,,,,,,,,,,,,,,,,,,,,,,,,,,,grb2b,,hspb7,,,,CR926459.1,,,,,kcnn3,,gldc,emilin1a
,,,,,,,,,,,,,,,,,,,,,,,,,,,,cacybp,,ndufb2,,,,ndufb6,,,,,pcloa,,glrx,emilin1b
,,,,,,,,,,,,,,,,,,,,,,,,,,,,plekho1b,,oaz2b,,,,uqcrb,,,,,zgc:153615,,gmnn,emp1
,,,,,,,,,,,,,,,,,,,,,,,,,,,,sftpbb,,nkx2.5,,,,stard7,,,,,fxyd6,,gnb1a,enah
,,,,,,,,,,,,,,,,,,,,,,,,,,,,il1b,,mrpl34,,,,mylk3,,,,,chrnb4,,gnb1b,epha3
,,,,,,,,,,,,,,,,,,,,,,,,,,,,zfand2a,,myl9b,,,,mt-co1,,,,,nmnat2,,gng4,eps8a
,,,,,,,,,,,,,,,,,,,,,,,,,,,,dnase2,,tomm5,,,,oaz2b,,,,,ank2a,,gpr22a,erbin
,,,,,,,,,,,,,,,,,,,,,,,,,,,,h1fx,,acadm,,,,minos1,,,,,bmp4,,gpr22b,erlin1
,,,,,,,,,,,,,,,,,,,,,,,,,,,,marcksl1b,,eno1a,,,,ckmt2b,,,,,slc35g2a,,gpr27,errfi1a
,,,,,,,,,,,,,,,,,,,,,,,,,,,,atp6ap2,,uqcrc1,,,,ndufa7,,,,,cpeb4a,,grb10a,errfi1b
,,,,,,,,,,,,,,,,,,,,,,,,,,,,myh9a,,mrpl33,,,,bzw2,,,,,csdc2a,,grb10b,ets1
,,,,,,,,,,,,,,,,,,,,,,,,,,,,nme2b.1,,etfb,,,,aco2,,,,,atp6v0cb,,gria2a,eva1a
,,,,,,,,,,,,,,,,,,,,,,,,,,,,cyb5a,,pkig,,,,ndufb8,,,,,atpv0e2,,gria2b,ext1a
,,,,,,,,,,,,,,,,,,,,,,,,,,,,CU499336.2,,uqcrc2b,,,,fxyd1,,,,,si:ch211-195b15.8,,hes6,ext1b
,,,,,,,,,,,,,,,,,,,,,,,,,,,,chmp4ba,,trim63a,,,,srl,,,,,gpm6aa,,hey1,extl2
,,,,,,,,,,,,,,,,,,,,,,,,,,,,lipf,,adprhl1,,,,kcnh6a,,,,,phyhipla,,hk2,f2r
,,,,,,,,,,,,,,,,,,,,,,,,,,,,trim33,,atp1a3b,,,,ndufs6,,,,,calm1b,,hmga1a,f2rl2
,,,,,,,,,,,,,,,,,,,,,,,,,,,,itm2bb,,sub1b,,,,,,,,,tagln3b,,hmga1b,fam102ba
,,,,,,,,,,,,,,,,,,,,,,,,,,,,erh,,riok2,,,,,,,,,tmem178,,hnrnpa0a,fam102bb
,,,,,,,,,,,,,,,,,,,,,,,,,,,,slc43a3b,,dlat,,,,,,,,,alkal1,,hnrnpa0b,fam114a1
,,,,,,,,,,,,,,,,,,,,,,,,,,,,ptpn6,,sdhdb,,,,,,,,,si:dkey-81l17.6,,hs6st2,fam120a
,,,,,,,,,,,,,,,,,,,,,,,,,,,,relb,,ndufa10,,,,,,,,,tuba1a,,ica1,fam3c
,,,,,,,,,,,,,,,,,,,,,,,,,,,,tagapa,,slc25a11,,,,,,,,,aplp1,,igsf3,fam43a
,,,,,,,,,,,,,,,,,,,,,,,,,,,,itgae.1,,ppp1r14c,,,,,,,,,scocb,,inaa,fat1a
,,,,,,,,,,,,,,,,,,,,,,,,,,,,zgc:63831,,rbpms2a,,,,,,,,,egr4,,inab,fat1b
,,,,,,,,,,,,,,,,,,,,,,,,,,,,arpc3,,dldh,,,,,,,,,ndrg3b,,ino80c,fbn1
,,,,,,,,,,,,,,,,,,,,,,,,,,,,efhd2,,tuba1c.1,,,,,,,,,spegb,,insm1a,fbn2a
,,,,,,,,,,,,,,,,,,,,,,,,,,,,mcl1b,,gstk1,,,,,,,,,prdx1,,insm1b,fbn2b
,,,,,,,,,,,,,,,,,,,,,,,,,,,,mcl1a,,crip3,,,,,,,,,rogdi,,insm2,fgfr1a
,,,,,,,,,,,,,,,,,,,,,,,,,,,,gnai2a,,apooa,,,,,,,,,phyhiplb,,irs2a,fgfr1b
,,,,,,,,,,,,,,,,,,,,,,,,,,,,dpp7,,HADHB,,,,,,,,,celf3a,,irs2b,fibina
,,,,,,,,,,,,,,,,,,,,,,,,,,,,arpc4,,NDUFB1,,,,,,,,,aclya,,isl1,fibinb
,,,,,,,,,,,,,,,,,,,,,,,,,,,,ccl35.2,,eci1,,,,,,,,,tmem35,,kdm1a,filip1l
,,,,,,,,,,,,,,,,,,,,,,,,,,,,abracl,,phb2b,,,,,,,,,tspan15,,kidins220a,fkbp14
,,,,,,,,,,,,,,,,,,,,,,,,,,,,tbcb,,mgst3a,,,,,,,,,pcbd1,,kidins220b,flna
,,,,,,,,,,,,,,,,,,,,,,,,,,,,adipor2,,hadh,,,,,,,,,cbx1b,,kif15,flrt2
,,,,,,,,,,,,,,,,,,,,,,,,,,,,si:dkey-177p2.6,,tuba8l2,,,,,,,,,ankhb,,kif1aa,fmoda
,,,,,,,,,,,,,,,,,,,,,,,,,,,,zgc:158463,,uqcrc2a,,,,,,,,,ndrg3a,,kif1ab,fmodb
,,,,,,,,,,,,,,,,,,,,,,,,,,,,cxcr3.2,,pdhb,,,,,,,,,rheb,,kif21a,fn1a
,,,,,,,,,,,,,,,,,,,,,,,,,,,,cct7,,cox7a2a,,,,,,,,,dnajc5aa,,kif5c,fn1b
,,,,,,,,,,,,,,,,,,,,,,,,,,,,slc35f6,,,,,,,,,,,stom,,klc1a,fndc3ba
,,,,,,,,,,,,,,,,,,,,,,,,,,,,zgc:198419,,,,,,,,,,,gdi1,,klc1b,fndc3bb
,,,,,,,,,,,,,,,,,,,,,,,,,,,,CABZ01020840.1,,,,,,,,,,,fam49al,,klf13,fstl1a
,,,,,,,,,,,,,,,,,,,,,,,,,,,,si:ch73-248e21.5,,,,,,,,,,,tnfrsf21,,klf7a,fstl1b
,,,,,,,,,,,,,,,,,,,,,,,,,,,,abca1b,,,,,,,,,,,ahcyl1,,klf7b,fuca2
,,,,,,,,,,,,,,,,,,,,,,,,,,,,atp6v1ba,,,,,,,,,,,kif1b,,klhl13,fzd1
,,,,,,,,,,,,,,,,,,,,,,,,,,,,f13a1b,,,,,,,,,,,cntfr,,klhl23,fzd2
,,,,,,,,,,,,,,,,,,,,,,,,,,,,wipf1b,,,,,,,,,,,ckmt1,,knstrn,fzd7a
,,,,,,,,,,,,,,,,,,,,,,,,,,,,,,,,,,,,,,,flot2b,,l1cama,fzd7b
,,,,,,,,,,,,,,,,,,,,,,,,,,,,,,,,,,,,,,,irf2bpl,,l1camb,gabrr1
,,,,,,,,,,,,,,,,,,,,,,,,,,,,,,,,,,,,,,,csnk1e,,lin28b,galnt10
,,,,,,,,,,,,,,,,,,,,,,,,,,,,,,,,,,,,,,,tmsb2,,lmo3,gas1a
,,,,,,,,,,,,,,,,,,,,,,,,,,,,,,,,,,,,,,,synj1,,lsm3,gas1b
,,,,,,,,,,,,,,,,,,,,,,,,,,,,,,,,,,,,,,,tmem9,,lsm4,gas2a
,,,,,,,,,,,,,,,,,,,,,,,,,,,,,,,,,,,,,,,rab6ba,,ltk,gas2b
,,,,,,,,,,,,,,,,,,,,,,,,,,,,,,,,,,,,,,,wrb,,lyn,gnai1
,,,,,,,,,,,,,,,,,,,,,,,,,,,,,,,,,,,,,,,bcam,,magi3a,gng12a
,,,,,,,,,,,,,,,,,,,,,,,,,,,,,,,,,,,,,,,map1ab,,magi3b,gng12b
,,,,,,,,,,,,,,,,,,,,,,,,,,,,,,,,,,,,,,,kifap3a,,map1b,gnsa
,,,,,,,,,,,,,,,,,,,,,,,,,,,,,,,,,,,,,,,gch1,,map2,gnsb
,,,,,,,,,,,,,,,,,,,,,,,,,,,,,,,,,,,,,,,tspan2a,,map6a,gorab
,,,,,,,,,,,,,,,,,,,,,,,,,,,,,,,,,,,,,,,hrasb,,map6b,gpc6a
,,,,,,,,,,,,,,,,,,,,,,,,,,,,,,,,,,,,,,,wdr13,,mapk8a,gpc6b
,,,,,,,,,,,,,,,,,,,,,,,,,,,,,,,,,,,,,,,dgkza,,mapk8b,gpr137ba
,,,,,,,,,,,,,,,,,,,,,,,,,,,,,,,,,,,,,,,ank2b,,mapta,gpr137bb
,,,,,,,,,,,,,,,,,,,,,,,,,,,,,,,,,,,,,,,mpped2a,,maptb,gpx8
,,,,,,,,,,,,,,,,,,,,,,,,,,,,,,,,,,,,,,,pcbp4,,mcm2,grna
,,,,,,,,,,,,,,,,,,,,,,,,,,,,,,,,,,,,,,,tmeff1b,,mcm6,grnb
,,,,,,,,,,,,,,,,,,,,,,,,,,,,,,,,,,,,,,,si:dkey-276j7.1,,mcm7,gsna
,,,,,,,,,,,,,,,,,,,,,,,,,,,,,,,,,,,,,,,klf7b,,mmd,gsnb
,,,,,,,,,,,,,,,,,,,,,,,,,,,,,,,,,,,,,,,id4,,mrpl48,her6
,,,,,,,,,,,,,,,,,,,,,,,,,,,,,,,,,,,,,,,dynll2b,,msh6,hexb
,,,,,,,,,,,,,,,,,,,,,,,,,,,,,,,,,,,,,,,cd99l2,,msi2a,hibadha
,,,,,,,,,,,,,,,,,,,,,,,,,,,,,,,,,,,,,,,hmgb3a,,msi2b,hibadhb
,,,,,,,,,,,,,,,,,,,,,,,,,,,,,,,,,,,,,,,si:dkeyp-120h9.1,,mtcl1,hipk3a
,,,,,,,,,,,,,,,,,,,,,,,,,,,,,,,,,,,,,,,rnasekb,,mxi1,hipk3b
,,,,,,,,,,,,,,,,,,,,,,,,,,,,,,,,,,,,,,,sh3gl3a,,mybl2a,hlx1
,,,,,,,,,,,,,,,,,,,,,,,,,,,,,,,,,,,,,,,pafah1b1b,,mybl2b,hnmt
,,,,,,,,,,,,,,,,,,,,,,,,,,,,,,,,,,,,,,,g3bp2,,myef2,homer1a
,,,,,,,,,,,,,,,,,,,,,,,,,,,,,,,,,,,,,,,lin7a,,myo5aa,homer1b
,,,,,,,,,,,,,,,,,,,,,,,,,,,,,,,,,,,,,,,rtn1a,,myo5ab,hsp90b1
,,,,,,,,,,,,,,,,,,,,,,,,,,,,,,,,,,,,,,,abhd3,,myrip,hspa5
,,,,,,,,,,,,,,,,,,,,,,,,,,,,,,,,,,,,,,,gata3,,nanos1,hspb1
,,,,,,,,,,,,,,,,,,,,,,,,,,,,,,,,,,,,,,,pag1,,napba,htra1a
,,,,,,,,,,,,,,,,,,,,,,,,,,,,,,,,,,,,,,,dpysl3,,napbb,htra1b
,,,,,,,,,,,,,,,,,,,,,,,,,,,,,,,,,,,,,,,coro1cb,,nars2,hyou1
,,,,,,,,,,,,,,,,,,,,,,,,,,,,,,,,,,,,,,,hand2,,nbeaa,id1
,,,,,,,,,,,,,,,,,,,,,,,,,,,,,,,,,,,,,,,atp6v1ab,,nbeab,id3
,,,,,,,,,,,,,,,,,,,,,,,,,,,,,,,,,,,,,,,tcp11l1,,ncam1a,igf2r
,,,,,,,,,,,,,,,,,,,,,,,,,,,,,,,,,,,,,,,kidins220b,,ncam1b,igfbp5a
,,,,,,,,,,,,,,,,,,,,,,,,,,,,,,,,,,,,,,,basp1,,ncana,igfbp5b
,,,,,,,,,,,,,,,,,,,,,,,,,,,,,,,,,,,,,,,ptp4a1,,ncanb,igfbp6a
,,,,,,,,,,,,,,,,,,,,,,,,,,,,,,,,,,,,,,,gpatch11,,ncs1a,igfbp6b
,,,,,,,,,,,,,,,,,,,,,,,,,,,,,,,,,,,,,,,tusc3,,ncs1b,il13ra1
,,,,,,,,,,,,,,,,,,,,,,,,,,,,,,,,,,,,,,,ywhah,,nefla,il6st
,,,,,,,,,,,,,,,,,,,,,,,,,,,,,,,,,,,,,,,zc4h2,,neflb,insig1
,,,,,,,,,,,,,,,,,,,,,,,,,,,,,,,,,,,,,,,bean1,,nefma,iqgap2
,,,,,,,,,,,,,,,,,,,,,,,,,,,,,,,,,,,,,,,atp6v1aa,,nefmb,itga10
,,,,,,,,,,,,,,,,,,,,,,,,,,,,,,,,,,,,,,,eml2,,nelfcd,itga4
,,,,,,,,,,,,,,,,,,,,,,,,,,,,,,,,,,,,,,,ap3s2,,nell2a,itgav
,,,,,,,,,,,,,,,,,,,,,,,,,,,,,,,,,,,,,,,zgc:91860,,nell2b,itgb1a
,,,,,,,,,,,,,,,,,,,,,,,,,,,,,,,,,,,,,,,uchl1,,net1,itgb1b
,,,,,,,,,,,,,,,,,,,,,,,,,,,,,,,,,,,,,,,calm2a,,nfil3,itm2ba
,,,,,,,,,,,,,,,,,,,,,,,,,,,,,,,,,,,,,,,si:dkey-28b4.8,,ngrn,itm2bb
,,,,,,,,,,,,,,,,,,,,,,,,,,,,,,,,,,,,,,,rab41,,nmnat2,itm2ca
,,,,,,,,,,,,,,,,,,,,,,,,,,,,,,,,,,,,,,,thy1,,nptx2a,itm2cb
,,,,,,,,,,,,,,,,,,,,,,,,,,,,,,,,,,,,,,,atp6v1e1b,,nptx2b,itpr1a
,,,,,,,,,,,,,,,,,,,,,,,,,,,,,,,,,,,,,,,pam,,npy,itpr1b
,,,,,,,,,,,,,,,,,,,,,,,,,,,,,,,,,,,,,,,vat1,,nrcama,itpripl2
,,,,,,,,,,,,,,,,,,,,,,,,,,,,,,,,,,,,,,,si:dkeyp-75h12.5,,nrcamb,jak1
,,,,,,,,,,,,,,,,,,,,,,,,,,,,,,,,,,,,,,,igfbp5b,,nrsn1,jam3a
,,,,,,,,,,,,,,,,,,,,,,,,,,,,,,,,,,,,,,,aldocb,,nuf2,jam3b
,,,,,,,,,,,,,,,,,,,,,,,,,,,,,,,,,,,,,,,cds2,,nusap1,kank2
,,,,,,,,,,,,,,,,,,,,,,,,,,,,,,,,,,,,,,,atp6v0d1,,ola1,kcnk2a
,,,,,,,,,,,,,,,,,,,,,,,,,,,,,,,,,,,,,,,lamp1,,olfm1a,kcnk2b
,,,,,,,,,,,,,,,,,,,,,,,,,,,,,,,,,,,,,,,clta,,olfm1b,kctd12.1
,,,,,,,,,,,,,,,,,,,,,,,,,,,,,,,,,,,,,,,prnprs3,,parp6a,kctd12.2
,,,,,,,,,,,,,,,,,,,,,,,,,,,,,,,,,,,,,,,arl4d,,parp6b,kdelr2a
,,,,,,,,,,,,,,,,,,,,,,,,,,,,,,,,,,,,,,,itm2cb,,pbk,kdelr2b
,,,,,,,,,,,,,,,,,,,,,,,,,,,,,,,,,,,,,,,dync1li1,,pbx3a,kdm5ba
,,,,,,,,,,,,,,,,,,,,,,,,,,,,,,,,,,,,,,,eloca,,pbx3b,kdm5bb
,,,,,,,,,,,,,,,,,,,,,,,,,,,,,,,,,,,,,,,add2,,pdk1,kif13a
,,,,,,,,,,,,,,,,,,,,,,,,,,,,,,,,,,,,,,,serinc1,,phf21b,klf10
,,,,,,,,,,,,,,,,,,,,,,,,,,,,,,,,,,,,,,,ppm1ab,,phox2a,klf4
,,,,,,,,,,,,,,,,,,,,,,,,,,,,,,,,,,,,,,,atp6v1c1a,,phox2ba,klf6a
,,,,,,,,,,,,,,,,,,,,,,,,,,,,,,,,,,,,,,,alcama,,phox2bb,klf6b
,,,,,,,,,,,,,,,,,,,,,,,,,,,,,,,,,,,,,,,tbx2b,,phpt1,l3hypdh
,,,,,,,,,,,,,,,,,,,,,,,,,,,,,,,,,,,,,,,si:dkey-19e4.5,,phyhipla,lamb1a
,,,,,,,,,,,,,,,,,,,,,,,,,,,,,,,,,,,,,,,s1pr1,,phyhiplb,lamb1b
,,,,,,,,,,,,,,,,,,,,,,,,,,,,,,,,,,,,,,,meis1b,,pik3r1,lamc1
,,,,,,,,,,,,,,,,,,,,,,,,,,,,,,,,,,,,,,,ldb1a,,plppr5a,lamp1a
,,,,,,,,,,,,,,,,,,,,,,,,,,,,,,,,,,,,,,,tmem9b,,plppr5b,lamp1b
,,,,,,,,,,,,,,,,,,,,,,,,,,,,,,,,,,,,,,,gabarapl2,,polb,laptm4a
,,,,,,,,,,,,,,,,,,,,,,,,,,,,,,,,,,,,,,,actr1,,popdc3,lasp1
,,,,,,,,,,,,,,,,,,,,,,,,,,,,,,,,,,,,,,,mmel1,,ppm1e,lats2
,,,,,,,,,,,,,,,,,,,,,,,,,,,,,,,,,,,,,,,ube2nb,,ppp1r9a,leprot
,,,,,,,,,,,,,,,,,,,,,,,,,,,,,,,,,,,,,,,pafah1b3.1,,ppp2r3c,lhx8a
,,,,,,,,,,,,,,,,,,,,,,,,,,,,,,,,,,,,,,,ywhaqb,,prc1a,lhx8b
,,,,,,,,,,,,,,,,,,,,,,,,,,,,,,,,,,,,,,,rpz2,,prc1b,lifra
,,,,,,,,,,,,,,,,,,,,,,,,,,,,,,,,,,,,,,,atp6ap2,,prim1,lifrb
,,,,,,,,,,,,,,,,,,,,,,,,,,,,,,,,,,,,,,,rab2a,,prph,litaf
,,,,,,,,,,,,,,,,,,,,,,,,,,,,,,,,,,,,,,,b4galt6,,prss12,lix1l
,,,,,,,,,,,,,,,,,,,,,,,,,,,,,,,,,,,,,,,ckbb,,pts,lman1
,,,,,,,,,,,,,,,,,,,,,,,,,,,,,,,,,,,,,,,atp6v0b,,qdpra,lmna
,,,,,,,,,,,,,,,,,,,,,,,,,,,,,,,,,,,,,,,ap1s2,,qdprb1,loxl2a
,,,,,,,,,,,,,,,,,,,,,,,,,,,,,,,,,,,,,,,calr,,qdprb2,loxl2b
,,,,,,,,,,,,,,,,,,,,,,,,,,,,,,,,,,,,,,,reep5,,rab33a,lpp
,,,,,,,,,,,,,,,,,,,,,,,,,,,,,,,,,,,,,,,fam168a,,rab6ba,lrp10
,,,,,,,,,,,,,,,,,,,,,,,,,,,,,,,,,,,,,,,ywhae2,,rab6bb,lrrc8c
,,,,,,,,,,,,,,,,,,,,,,,,,,,,,,,,,,,,,,,calm2a.1,,ranbp1,ltbp1
,,,,,,,,,,,,,,,,,,,,,,,,,,,,,,,,,,,,,,,vim,,rbbp8,luzp1
,,,,,,,,,,,,,,,,,,,,,,,,,,,,,,,,,,,,,,,arg2,,rbms3,magt1
,,,,,,,,,,,,,,,,,,,,,,,,,,,,,,,,,,,,,,,dnaja2l,,rbp1.1,maml2
,,,,,,,,,,,,,,,,,,,,,,,,,,,,,,,,,,,,,,,calm3a,,rbp1.2,man2a1
,,,,,,,,,,,,,,,,,,,,,,,,,,,,,,,,,,,,,,,pop7,,rec8a,manf
,,,,,,,,,,,,,,,,,,,,,,,,,,,,,,,,,,,,,,,pygmb,,rec8b,mbd2
,,,,,,,,,,,,,,,,,,,,,,,,,,,,,,,,,,,,,,,brms1la,,reep1,mbnl1
,,,,,,,,,,,,,,,,,,,,,,,,,,,,,,,,,,,,,,,fasn,,ret,mbtps1
,,,,,,,,,,,,,,,,,,,,,,,,,,,,,,,,,,,,,,,gapdhs,,rfc4,meox1
,,,,,,,,,,,,,,,,,,,,,,,,,,,,,,,,,,,,,,,pfkpa,,rgs17,meox2a
,,,,,,,,,,,,,,,,,,,,,,,,,,,,,,,,,,,,,,,fundc1,,rgs5a,meox2b
,,,,,,,,,,,,,,,,,,,,,,,,,,,,,,,,,,,,,,,ap2b1,,rgs5b,mest
,,,,,,,,,,,,,,,,,,,,,,,,,,,,,,,,,,,,,,,ndrg4,,rimbp2,mgat2
,,,,,,,,,,,,,,,,,,,,,,,,,,,,,,,,,,,,,,,ppme1,,rims3,mgp
,,,,,,,,,,,,,,,,,,,,,,,,,,,,,,,,,,,,,,,fxyd1,,rnf144aa,mgst1.1
,,,,,,,,,,,,,,,,,,,,,,,,,,,,,,,,,,,,,,,atp6v1g1,,rnf144ab,mgst1.2
,,,,,,,,,,,,,,,,,,,,,,,,,,,,,,,,,,,,,,,dctn3,,rnf150a,mical2a
,,,,,,,,,,,,,,,,,,,,,,,,,,,,,,,,,,,,,,,carhsp1,,rnf150b,mical2b
,,,,,,,,,,,,,,,,,,,,,,,,,,,,,,,,,,,,,,,plekhb2,,rnf165a,mmp2
,,,,,,,,,,,,,,,,,,,,,,,,,,,,,,,,,,,,,,,gpia,,rnf165b,mob1a
,,,,,,,,,,,,,,,,,,,,,,,,,,,,,,,,,,,,,,,pgam1b,,rnft2,mrc2
,,,,,,,,,,,,,,,,,,,,,,,,,,,,,,,,,,,,,,,tollip,,rps6ka2,mxra5a
,,,,,,,,,,,,,,,,,,,,,,,,,,,,,,,,,,,,,,,nucks1a,,rrm2,mxra5b
,,,,,,,,,,,,,,,,,,,,,,,,,,,,,,,,,,,,,,,acsl4a,,rtn1a,mydgf
,,,,,,,,,,,,,,,,,,,,,,,,,,,,,,,,,,,,,,,serpine2,,rtn1b,mylipa
,,,,,,,,,,,,,,,,,,,,,,,,,,,,,,,,,,,,,,,sult6b1,,rtn2a,mylipb
,,,,,,,,,,,,,,,,,,,,,,,,,,,,,,,,,,,,,,,zgc:92140,,rtn2b,nansa
,,,,,,,,,,,,,,,,,,,,,,,,,,,,,,,,,,,,,,,aldh2.1,,rufy3,nansb
,,,,,,,,,,,,,,,,,,,,,,,,,,,,,,,,,,,,,,,si:ch73-46j18.5,,rundc3aa,nbr1a
,,,,,,,,,,,,,,,,,,,,,,,,,,,,,,,,,,,,,,,cdc42,,rundc3ab,nbr1b
,,,,,,,,,,,,,,,,,,,,,,,,,,,,,,,,,,,,,,,mid1ip1b,,rundc3b,nek7
,,,,,,,,,,,,,,,,,,,,,,,,,,,,,,,,,,,,,,,tcf7l2,,satb1a,nes
,,,,,,,,,,,,,,,,,,,,,,,,,,,,,,,,,,,,,,,eno1a,,satb1b,nfia
,,,,,,,,,,,,,,,,,,,,,,,,,,,,,,,,,,,,,,,si:ch211-133n4.4,,scamp5a,nfic
,,,,,,,,,,,,,,,,,,,,,,,,,,,,,,,,,,,,,,,tmsb1,,scamp5b,nid1a
,,,,,,,,,,,,,,,,,,,,,,,,,,,,,,,,,,,,,,,rgs4,,scg2a,nid1b
,,,,,,,,,,,,,,,,,,,,,,,,,,,,,,,,,,,,,,,tmem30aa,,scg2b,nid2a
,,,,,,,,,,,,,,,,,,,,,,,,,,,,,,,,,,,,,,,atp6v1ba,,scg3,nid2b
,,,,,,,,,,,,,,,,,,,,,,,,,,,,,,,,,,,,,,,calm2b,,serp2,notch2
,,,,,,,,,,,,,,,,,,,,,,,,,,,,,,,,,,,,,,,selenot2,,setd7,npc2
,,,,,,,,,,,,,,,,,,,,,,,,,,,,,,,,,,,,,,,camk2n1a,,shc3,nptna
,,,,,,,,,,,,,,,,,,,,,,,,,,,,,,,,,,,,,,,arvcfb,,shda,nptnb
,,,,,,,,,,,,,,,,,,,,,,,,,,,,,,,,,,,,,,,nfe2l1b,,shdb,nqo1
,,,,,,,,,,,,,,,,,,,,,,,,,,,,,,,,,,,,,,,atp6v1h,,si:dkey-274m17.3,nr3c1
,,,,,,,,,,,,,,,,,,,,,,,,,,,,,,,,,,,,,,,sox11a,,si:dkeyp-75h12.5,nrp1a
,,,,,,,,,,,,,,,,,,,,,,,,,,,,,,,,,,,,,,,ap2a1,,six3a,nrp1b
,,,,,,,,,,,,,,,,,,,,,,,,,,,,,,,,,,,,,,,gsk3b,,six3b,ogfrl1
,,,,,,,,,,,,,,,,,,,,,,,,,,,,,,,,,,,,,,,fkbp1aa,,slc10a4,olfml2a
,,,,,,,,,,,,,,,,,,,,,,,,,,,,,,,,,,,,,,,mgrn1a,,slc35g2a,olfml2ba
,,,,,,,,,,,,,,,,,,,,,,,,,,,,,,,,,,,,,,,ywhaba,,slc35g2b,olfml2bb
,,,,,,,,,,,,,,,,,,,,,,,,,,,,,,,,,,,,,,,hmgb1b,,slit1a,olfml3a
,,,,,,,,,,,,,,,,,,,,,,,,,,,,,,,,,,,,,,,map1lc3a,,slit1b,olfml3b
,,,,,,,,,,,,,,,,,,,,,,,,,,,,,,,,,,,,,,,COX5B,,slit3,p4ha1a
,,,,,,,,,,,,,,,,,,,,,,,,,,,,,,,,,,,,,,,atp6v1d,,snap25a,p4ha1b
,,,,,,,,,,,,,,,,,,,,,,,,,,,,,,,,,,,,,,,ufc1,,snap25b,palld
,,,,,,,,,,,,,,,,,,,,,,,,,,,,,,,,,,,,,,,rtn3,,snap91a,papss2a
,,,,,,,,,,,,,,,,,,,,,,,,,,,,,,,,,,,,,,,cnp,,snap91b,papss2b
,,,,,,,,,,,,,,,,,,,,,,,,,,,,,,,,,,,,,,,appa,,sox11a,pcdh18a
,,,,,,,,,,,,,,,,,,,,,,,,,,,,,,,,,,,,,,,mdkb,,sox11b,pcdh18b
,,,,,,,,,,,,,,,,,,,,,,,,,,,,,,,,,,,,,,,hk1,,stmn2a,pcolce2a
,,,,,,,,,,,,,,,,,,,,,,,,,,,,,,,,,,,,,,,psmd3,,stmn2b,pcolce2b
,,,,,,,,,,,,,,,,,,,,,,,,,,,,,,,,,,,,,,,dgkaa,,stmn4,pcsk5a
,,,,,,,,,,,,,,,,,,,,,,,,,,,,,,,,,,,,,,,uqcc3,,stra6,pcsk5b
,,,,,,,,,,,,,,,,,,,,,,,,,,,,,,,,,,,,,,,dynlrb1,,stxbp1a,pde3a
,,,,,,,,,,,,,,,,,,,,,,,,,,,,,,,,,,,,,,,acsbg2,,stxbp1b,pdgfc
,,,,,,,,,,,,,,,,,,,,,,,,,,,,,,,,,,,,,,,tubb2b,,sv2ca,pdia3
,,,,,,,,,,,,,,,,,,,,,,,,,,,,,,,,,,,,,,,ap2s1,,synpo2a,pdia4
,,,,,,,,,,,,,,,,,,,,,,,,,,,,,,,,,,,,,,,si:dkey-13i19.8,,synpo2b,pdia6
,,,,,,,,,,,,,,,,,,,,,,,,,,,,,,,,,,,,,,,si:ch211-213a13.1,,syt1a,pdlim1
,,,,,,,,,,,,,,,,,,,,,,,,,,,,,,,,,,,,,,,slc25a14,,syt1b,pea15
,,,,,,,,,,,,,,,,,,,,,,,,,,,,,,,,,,,,,,,pfdn6,,syt4,peak1
,,,,,,,,,,,,,,,,,,,,,,,,,,,,,,,,,,,,,,,MYO1D,,tacc2,phlda3
,,,,,,,,,,,,,,,,,,,,,,,,,,,,,,,,,,,,,,,cd81a,,tagln3a,phldb2a
,,,,,,,,,,,,,,,,,,,,,,,,,,,,,,,,,,,,,,,pmp22b,,tagln3b,phldb2b
,,,,,,,,,,,,,,,,,,,,,,,,,,,,,,,,,,,,,,,hp1bp3,,tbc1d30,phtf2
,,,,,,,,,,,,,,,,,,,,,,,,,,,,,,,,,,,,,,,calm1a,,tbpl1,plekhh2
,,,,,,,,,,,,,,,,,,,,,,,,,,,,,,,,,,,,,,,sh3bgrl3,,tdg.1,plk2a
,,,,,,,,,,,,,,,,,,,,,,,,,,,,,,,,,,,,,,,ppp2r1ba,,tdg.2,plk2b
,,,,,,,,,,,,,,,,,,,,,,,,,,,,,,,,,,,,,,,brk1,,tenm4,plod2
,,,,,,,,,,,,,,,,,,,,,,,,,,,,,,,,,,,,,,,mcts1,,tfap2b,plod3
,,,,,,,,,,,,,,,,,,,,,,,,,,,,,,,,,,,,,,,ptger4a,,th,plpp1a
,,,,,,,,,,,,,,,,,,,,,,,,,,,,,,,,,,,,,,,arl8ba,,thsd7aa,plpp1b
,,,,,,,,,,,,,,,,,,,,,,,,,,,,,,,,,,,,,,,esyt2a,,thsd7ab,plpp1l
,,,,,,,,,,,,,,,,,,,,,,,,,,,,,,,,,,,,,,,cox6a1,,tiam1a,pls3
,,,,,,,,,,,,,,,,,,,,,,,,,,,,,,,,,,,,,,,dynll1,,tiam1b,plxdc2
,,,,,,,,,,,,,,,,,,,,,,,,,,,,,,,,,,,,,,,id2a,,tmem108,polr2l
,,,,,,,,,,,,,,,,,,,,,,,,,,,,,,,,,,,,,,,zgc:162698,,tmem97,pon2
,,,,,,,,,,,,,,,,,,,,,,,,,,,,,,,,,,,,,,,ywhabl,,tmod1,postna
,,,,,,,,,,,,,,,,,,,,,,,,,,,,,,,,,,,,,,,vdac1,,tmod2,postnb
,,,,,,,,,,,,,,,,,,,,,,,,,,,,,,,,,,,,,,,cdipt,,tmtc4,ppib
,,,,,,,,,,,,,,,,,,,,,,,,,,,,,,,,,,,,,,,si:ch211-288g17.3,,tox2,ppic
,,,,,,,,,,,,,,,,,,,,,,,,,,,,,,,,,,,,,,,zgc:153317,,trap1,ppt1
,,,,,,,,,,,,,,,,,,,,,,,,,,,,,,,,,,,,,,,arhgdig,,tspan13a,prcp
,,,,,,,,,,,,,,,,,,,,,,,,,,,,,,,,,,,,,,,cyb5r1,,tspan13b,prdm6
,,,,,,,,,,,,,,,,,,,,,,,,,,,,,,,,,,,,,,,gnb1a,,tspan7,prdx4
,,,,,,,,,,,,,,,,,,,,,,,,,,,,,,,,,,,,,,,golga7,,tspan7b,prdx6
,,,,,,,,,,,,,,,,,,,,,,,,,,,,,,,,,,,,,,,map1lc3b,,ttc8,prom1a
,,,,,,,,,,,,,,,,,,,,,,,,,,,,,,,,,,,,,,,ndfip1,,tub,prom1b
,,,,,,,,,,,,,,,,,,,,,,,,,,,,,,,,,,,,,,,tubb4b,,tubb2,prrx1a
,,,,,,,,,,,,,,,,,,,,,,,,,,,,,,,,,,,,,,,vma21,,tubb2b,prrx1b
,,,,,,,,,,,,,,,,,,,,,,,,,,,,,,,,,,,,,,,hint1,,tubb4b,ptbp1a
,,,,,,,,,,,,,,,,,,,,,,,,,,,,,,,,,,,,,,,gsna,,ube2c,ptbp1b
,,,,,,,,,,,,,,,,,,,,,,,,,,,,,,,,,,,,,,,ppiab,,ube2t,ptger4a
,,,,,,,,,,,,,,,,,,,,,,,,,,,,,,,,,,,,,,,tbcb,,ucp2,ptger4b
,,,,,,,,,,,,,,,,,,,,,,,,,,,,,,,,,,,,,,,rab11ba,,unc79,ptger4c
,,,,,,,,,,,,,,,,,,,,,,,,,,,,,,,,,,,,,,,gabarapb,,vrk1,ptgfrn
,,,,,,,,,,,,,,,,,,,,,,,,,,,,,,,,,,,,,,,h3f3c,,znf512,ptn
,,,,,,,,,,,,,,,,,,,,,,,,,,,,,,,,,,,,,,,si:dkey-205h13.1,,znf536,ptprga
,,,,,,,,,,,,,,,,,,,,,,,,,,,,,,,,,,,,,,,ppp1cb,,znf704,ptprgb
,,,,,,,,,,,,,,,,,,,,,,,,,,,,,,,,,,,,,,,psmb7,,znf711,ptprk
,,,,,,,,,,,,,,,,,,,,,,,,,,,,,,,,,,,,,,,jpt1b,,zwilch,pxdc1a
,,,,,,,,,,,,,,,,,,,,,,,,,,,,,,,,,,,,,,,skp1,,,pxdc1b
,,,,,,,,,,,,,,,,,,,,,,,,,,,,,,,,,,,,,,,ube2v2,,,pxdn
,,,,,,,,,,,,,,,,,,,,,,,,,,,,,,,,,,,,,,,rab11a,,,pygl
,,,,,,,,,,,,,,,,,,,,,,,,,,,,,,,,,,,,,,,ywhae1,,,qki2
,,,,,,,,,,,,,,,,,,,,,,,,,,,,,,,,,,,,,,,cox7a2a,,,qkia
,,,,,,,,,,,,,,,,,,,,,,,,,,,,,,,,,,,,,,,serpina10a,,,qkib
,,,,,,,,,,,,,,,,,,,,,,,,,,,,,,,,,,,,,,,ppdpfb,,,qsox1
,,,,,,,,,,,,,,,,,,,,,,,,,,,,,,,,,,,,,,,ldhba,,,rab13
,,,,,,,,,,,,,,,,,,,,,,,,,,,,,,,,,,,,,,,adam8a,,,rab31
,,,,,,,,,,,,,,,,,,,,,,,,,,,,,,,,,,,,,,,gabarapa,,,rap1aa
,,,,,,,,,,,,,,,,,,,,,,,,,,,,,,,,,,,,,,,ms4a17a.11,,,rap1ab
,,,,,,,,,,,,,,,,,,,,,,,,,,,,,,,,,,,,,,,atp6v0ca,,,rap1b
,,,,,,,,,,,,,,,,,,,,,,,,,,,,,,,,,,,,,,,dpm2,,,rbms1a
,,,,,,,,,,,,,,,,,,,,,,,,,,,,,,,,,,,,,,,palm1b,,,rbms1b
,,,,,,,,,,,,,,,,,,,,,,,,,,,,,,,,,,,,,,,pkma,,,rcn1
,,,,,,,,,,,,,,,,,,,,,,,,,,,,,,,,,,,,,,,sem1,,,reck
,,,,,,,,,,,,,,,,,,,,,,,,,,,,,,,,,,,,,,,lmo4a,,,rest
,,,,,,,,,,,,,,,,,,,,,,,,,,,,,,,,,,,,,,,atrx,,,rgl1
,,,,,,,,,,,,,,,,,,,,,,,,,,,,,,,,,,,,,,,sod1,,,rgs3a
,,,,,,,,,,,,,,,,,,,,,,,,,,,,,,,,,,,,,,,ap2m1b,,,rgs3b
,,,,,,,,,,,,,,,,,,,,,,,,,,,,,,,,,,,,,,,ppp2cb,,,rhoca
,,,,,,,,,,,,,,,,,,,,,,,,,,,,,,,,,,,,,,,myl6,,,rhocb
,,,,,,,,,,,,,,,,,,,,,,,,,,,,,,,,,,,,,,,laptm4b,,,rhoj
,,,,,,,,,,,,,,,,,,,,,,,,,,,,,,,,,,,,,,,dynlt3,,,rin2
,,,,,,,,,,,,,,,,,,,,,,,,,,,,,,,,,,,,,,,gmfb,,,rit1
,,,,,,,,,,,,,,,,,,,,,,,,,,,,,,,,,,,,,,,sumo3a,,,rnft1
,,,,,,,,,,,,,,,,,,,,,,,,,,,,,,,,,,,,,,,si:ch73-1a9.3,,,rnh1
,,,,,,,,,,,,,,,,,,,,,,,,,,,,,,,,,,,,,,,ywhaqa,,,robo1
,,,,,,,,,,,,,,,,,,,,,,,,,,,,,,,,,,,,,,,cdh2,,,ror1
,,,,,,,,,,,,,,,,,,,,,,,,,,,,,,,,,,,,,,,oaz1a,,,rrbp1a
,,,,,,,,,,,,,,,,,,,,,,,,,,,,,,,,,,,,,,,sept15,,,rrbp1b
,,,,,,,,,,,,,,,,,,,,,,,,,,,,,,,,,,,,,,,oaz1b,,,s1pr3a
,,,,,,,,,,,,,,,,,,,,,,,,,,,,,,,,,,,,,,,fundc2,,,s1pr3b
,,,,,,,,,,,,,,,,,,,,,,,,,,,,,,,,,,,,,,,atox1,,,sash1a
,,,,,,,,,,,,,,,,,,,,,,,,,,,,,,,,,,,,,,,kif26ba,,,sash1b
,,,,,,,,,,,,,,,,,,,,,,,,,,,,,,,,,,,,,,,pomp,,,scpep1
,,,,,,,,,,,,,,,,,,,,,,,,,,,,,,,,,,,,,,,hmgb1a,,,sdc2
,,,,,,,,,,,,,,,,,,,,,,,,,,,,,,,,,,,,,,,hist2h2l,,,sdc4
,,,,,,,,,,,,,,,,,,,,,,,,,,,,,,,,,,,,,,,midn,,,sdcbp
,,,,,,,,,,,,,,,,,,,,,,,,,,,,,,,,,,,,,,,sri,,,sdf4
,,,,,,,,,,,,,,,,,,,,,,,,,,,,,,,,,,,,,,,elob.1,,,sec14l1
,,,,,,,,,,,,,,,,,,,,,,,,,,,,,,,,,,,,,,,hm13,,,sel1l3
,,,,,,,,,,,,,,,,,,,,,,,,,,,,,,,,,,,,,,,gpx4b,,,sema3c
,,,,,,,,,,,,,,,,,,,,,,,,,,,,,,,,,,,,,,,psmb1,,,sema3fa
,,,,,,,,,,,,,,,,,,,,,,,,,,,,,,,,,,,,,,,atp2b2.1,,,sema3fb
,,,,,,,,,,,,,,,,,,,,,,,,,,,,,,,,,,,,,,,pfn2l,,,serpine2
,,,,,,,,,,,,,,,,,,,,,,,,,,,,,,,,,,,,,,,mif,,,serpinh1a
,,,,,,,,,,,,,,,,,,,,,,,,,,,,,,,,,,,,,,,clu,,,serpinh1b
,,,,,,,,,,,,,,,,,,,,,,,,,,,,,,,,,,,,,,,zgc:56493,,,sft2d1
,,,,,,,,,,,,,,,,,,,,,,,,,,,,,,,,,,,,,,,tpi1b,,,sgk1
,,,,,,,,,,,,,,,,,,,,,,,,,,,,,,,,,,,,,,,ube2na,,,sh3bgrl
,,,,,,,,,,,,,,,,,,,,,,,,,,,,,,,,,,,,,,,h1f0,,,shc1
,,,,,,,,,,,,,,,,,,,,,,,,,,,,,,,,,,,,,,,cfl1,,,shroom3
,,,,,,,,,,,,,,,,,,,,,,,,,,,,,,,,,,,,,,,rasd1,,,si:ch73-111k22.2
,,,,,,,,,,,,,,,,,,,,,,,,,,,,,,,,,,,,,,,arpc5b,,,six1a
,,,,,,,,,,,,,,,,,,,,,,,,,,,,,,,,,,,,,,,ube2v1,,,six1b
,,,,,,,,,,,,,,,,,,,,,,,,,,,,,,,,,,,,,,,rtn4a,,,six4a
,,,,,,,,,,,,,,,,,,,,,,,,,,,,,,,,,,,,,,,si:ch211-214p16.2,,,six4b
,,,,,,,,,,,,,,,,,,,,,,,,,,,,,,,,,,,,,,,sptan1,,,skila
,,,,,,,,,,,,,,,,,,,,,,,,,,,,,,,,,,,,,,,h2afx1,,,skilb
,,,,,,,,,,,,,,,,,,,,,,,,,,,,,,,,,,,,,,,ldha,,,slc16a4
,,,,,,,,,,,,,,,,,,,,,,,,,,,,,,,,,,,,,,,capns1b,,,slc30a1a
,,,,,,,,,,,,,,,,,,,,,,,,,,,,,,,,,,,,,,,ywhabb,,,slc30a1b
,,,,,,,,,,,,,,,,,,,,,,,,,,,,,,,,,,,,,,,tbca,,,slc30a7
,,,,,,,,,,,,,,,,,,,,,,,,,,,,,,,,,,,,,,,si:ch211-160e1.5,,,slc38a2
,,,,,,,,,,,,,,,,,,,,,,,,,,,,,,,,,,,,,,,ccni,,,slc38a6
,,,,,,,,,,,,,,,,,,,,,,,,,,,,,,,,,,,,,,,tmsb4x,,,slc39a14
,,,,,,,,,,,,,,,,,,,,,,,,,,,,,,,,,,,,,,,atp1b1a,,,smad3a
,,,,,,,,,,,,,,,,,,,,,,,,,,,,,,,,,,,,,,,hsbp1b,,,smad3b
,,,,,,,,,,,,,,,,,,,,,,,,,,,,,,,,,,,,,,,zgc:111986,,,snai2
,,,,,,,,,,,,,,,,,,,,,,,,,,,,,,,,,,,,,,,rbx1,,,sostdc1a
,,,,,,,,,,,,,,,,,,,,,,,,,,,,,,,,,,,,,,,tspan18a,,,sostdc1b
,,,,,,,,,,,,,,,,,,,,,,,,,,,,,,,,,,,,,,,psma3,,,sox9a
,,,,,,,,,,,,,,,,,,,,,,,,,,,,,,,,,,,,,,,arpc3,,,sox9b
,,,,,,,,,,,,,,,,,,,,,,,,,,,,,,,,,,,,,,,cpne1,,,sparc
,,,,,,,,,,,,,,,,,,,,,,,,,,,,,,,,,,,,,,,dync1li2,,,sparcl1
,,,,,,,,,,,,,,,,,,,,,,,,,,,,,,,,,,,,,,,tnip1,,,spata20
,,,,,,,,,,,,,,,,,,,,,,,,,,,,,,,,,,,,,,,anxa3b,,,spcs3
,,,,,,,,,,,,,,,,,,,,,,,,,,,,,,,,,,,,,,,plscr3b,,,spred1
,,,,,,,,,,,,,,,,,,,,,,,,,,,,,,,,,,,,,,,arl6ip5b,,,spry1
,,,,,,,,,,,,,,,,,,,,,,,,,,,,,,,,,,,,,,,paip2b,,,spry4
,,,,,,,,,,,,,,,,,,,,,,,,,,,,,,,,,,,,,,,anxa11b,,,sqstm1
,,,,,,,,,,,,,,,,,,,,,,,,,,,,,,,,,,,,,,,canx,,,srpx
,,,,,,,,,,,,,,,,,,,,,,,,,,,,,,,,,,,,,,,marcksl1b,,,ssbp4
,,,,,,,,,,,,,,,,,,,,,,,,,,,,,,,,,,,,,,,appb,,,ssr1
,,,,,,,,,,,,,,,,,,,,,,,,,,,,,,,,,,,,,,,nr1d2a,,,ssr3
,,,,,,,,,,,,,,,,,,,,,,,,,,,,,,,,,,,,,,,cox6b1,,,stat1a
,,,,,,,,,,,,,,,,,,,,,,,,,,,,,,,,,,,,,,,mtpn,,,stat1b
,,,,,,,,,,,,,,,,,,,,,,,,,,,,,,,,,,,,,,,irf2bp2b,,,stat3
,,,,,,,,,,,,,,,,,,,,,,,,,,,,,,,,,,,,,,,bsg,,,stk38l
,,,,,,,,,,,,,,,,,,,,,,,,,,,,,,,,,,,,,,,si:ch211-195b13.1,,,suclg2
,,,,,,,,,,,,,,,,,,,,,,,,,,,,,,,,,,,,,,,ubc,,,svila
,,,,,,,,,,,,,,,,,,,,,,,,,,,,,,,,,,,,,,,fosab,,,svilb
,,,,,,,,,,,,,,,,,,,,,,,,,,,,,,,,,,,,,,,hnrnpaba,,,svilc
,,,,,,,,,,,,,,,,,,,,,,,,,,,,,,,,,,,,,,,arl6ip1,,,svild
,,,,,,,,,,,,,,,,,,,,,,,,,,,,,,,,,,,,,,,srsf3b,,,sypl1
,,,,,,,,,,,,,,,,,,,,,,,,,,,,,,,,,,,,,,,ptmaa,,,tcf7l2
,,,,,,,,,,,,,,,,,,,,,,,,,,,,,,,,,,,,,,,atf3,,,tfe3a
,,,,,,,,,,,,,,,,,,,,,,,,,,,,,,,,,,,,,,,arhgdia,,,tfe3b
,,,,,,,,,,,,,,,,,,,,,,,,,,,,,,,,,,,,,,,gadd45ga,,,tfpia
,,,,,,,,,,,,,,,,,,,,,,,,,,,,,,,,,,,,,,,cbx7a,,,tgfbr2a
,,,,,,,,,,,,,,,,,,,,,,,,,,,,,,,,,,,,,,,jun,,,tgfbr2b
,,,,,,,,,,,,,,,,,,,,,,,,,,,,,,,,,,,,,,,nppc,,,thbs1a
,,,,,,,,,,,,,,,,,,,,,,,,,,,,,,,,,,,,,,,isg15,,,thbs1b
,,,,,,,,,,,,,,,,,,,,,,,,,,,,,,,,,,,,,,,,,,tjp1a
,,,,,,,,,,,,,,,,,,,,,,,,,,,,,,,,,,,,,,,,,,tjp1b
,,,,,,,,,,,,,,,,,,,,,,,,,,,,,,,,,,,,,,,,,,tm9sf2
,,,,,,,,,,,,,,,,,,,,,,,,,,,,,,,,,,,,,,,,,,tmbim4
,,,,,,,,,,,,,,,,,,,,,,,,,,,,,,,,,,,,,,,,,,tmed9
,,,,,,,,,,,,,,,,,,,,,,,,,,,,,,,,,,,,,,,,,,tmeff2a
,,,,,,,,,,,,,,,,,,,,,,,,,,,,,,,,,,,,,,,,,,tmeff2b
,,,,,,,,,,,,,,,,,,,,,,,,,,,,,,,,,,,,,,,,,,tmem263
,,,,,,,,,,,,,,,,,,,,,,,,,,,,,,,,,,,,,,,,,,tmem50a
,,,,,,,,,,,,,,,,,,,,,,,,,,,,,,,,,,,,,,,,,,tmem87b
,,,,,,,,,,,,,,,,,,,,,,,,,,,,,,,,,,,,,,,,,,tnc
,,,,,,,,,,,,,,,,,,,,,,,,,,,,,,,,,,,,,,,,,,tnfrsf1a
,,,,,,,,,,,,,,,,,,,,,,,,,,,,,,,,,,,,,,,,,,tnmd
,,,,,,,,,,,,,,,,,,,,,,,,,,,,,,,,,,,,,,,,,,tns1a
,,,,,,,,,,,,,,,,,,,,,,,,,,,,,,,,,,,,,,,,,,tns1b
,,,,,,,,,,,,,,,,,,,,,,,,,,,,,,,,,,,,,,,,,,tpbga
,,,,,,,,,,,,,,,,,,,,,,,,,,,,,,,,,,,,,,,,,,tpbgb
,,,,,,,,,,,,,,,,,,,,,,,,,,,,,,,,,,,,,,,,,,tpm1
,,,,,,,,,,,,,,,,,,,,,,,,,,,,,,,,,,,,,,,,,,tpm2
,,,,,,,,,,,,,,,,,,,,,,,,,,,,,,,,,,,,,,,,,,tram1
,,,,,,,,,,,,,,,,,,,,,,,,,,,,,,,,,,,,,,,,,,tram2
,,,,,,,,,,,,,,,,,,,,,,,,,,,,,,,,,,,,,,,,,,tril
,,,,,,,,,,,,,,,,,,,,,,,,,,,,,,,,,,,,,,,,,,tsc22d2
,,,,,,,,,,,,,,,,,,,,,,,,,,,,,,,,,,,,,,,,,,tspan4a
,,,,,,,,,,,,,,,,,,,,,,,,,,,,,,,,,,,,,,,,,,tubb6
,,,,,,,,,,,,,,,,,,,,,,,,,,,,,,,,,,,,,,,,,,twsg1a
,,,,,,,,,,,,,,,,,,,,,,,,,,,,,,,,,,,,,,,,,,twsg1b
,,,,,,,,,,,,,,,,,,,,,,,,,,,,,,,,,,,,,,,,,,txndc12
,,,,,,,,,,,,,,,,,,,,,,,,,,,,,,,,,,,,,,,,,,uap1
,,,,,,,,,,,,,,,,,,,,,,,,,,,,,,,,,,,,,,,,,,ugdh
,,,,,,,,,,,,,,,,,,,,,,,,,,,,,,,,,,,,,,,,,,vcla
,,,,,,,,,,,,,,,,,,,,,,,,,,,,,,,,,,,,,,,,,,vclb
,,,,,,,,,,,,,,,,,,,,,,,,,,,,,,,,,,,,,,,,,,vim
,,,,,,,,,,,,,,,,,,,,,,,,,,,,,,,,,,,,,,,,,,wipi1
,,,,,,,,,,,,,,,,,,,,,,,,,,,,,,,,,,,,,,,,,,wls
,,,,,,,,,,,,,,,,,,,,,,,,,,,,,,,,,,,,,,,,,,wnt5a
,,,,,,,,,,,,,,,,,,,,,,,,,,,,,,,,,,,,,,,,,,wwtr1
,,,,,,,,,,,,,,,,,,,,,,,,,,,,,,,,,,,,,,,,,,yap1
,,,,,,,,,,,,,,,,,,,,,,,,,,,,,,,,,,,,,,,,,,zcchc24
,,,,,,,,,,,,,,,,,,,,,,,,,,,,,,,,,,,,,,,,,,zfp36l1a
,,,,,,,,,,,,,,,,,,,,,,,,,,,,,,,,,,,,,,,,,,zfp36l1b
,,,,,,,,,,,,,,,,,,,,,,,,,,,,,,,,,,,,,,,,,,zgc:77929
,,,,,,,,,,,,,,,,,,,,,,,,,,,,,,,,,,,,,,,,,,znf217
