sample_id;dataset;fish_id;tumor_id;genotype;sample_ID;location;sex;prep;dissociation;age_in_months;clutch;transplant_condition;host_condition
MYCN_EGFP_1;individual_10x_01;1;1;MYCN-EGFP;MYCN_EGFP_lat_1;lateral;unknown;Nora;DDP;14;A;NA;NA
MYCN_1;individual_10x_02;1;1;MYCN;MYCN_lat_1;lateral;unknown;Nora;DDP;4;B;NA;NA
MYCN_BIRC5_1;individual_10x_03;1;1;MYCN_BIRC5;MYCN_BIRC5_lat_1;lateral;unknown;Nora;DDP;4;C;NA;NA
MYCN_LMO1_vent_1_1;individual_10x_04;1;1;MYCN_LMO1;MYCN_LMO1_vent_1_1;ventral;unknown;Nora;DDP;3;D;NA;NA
MYCN_LMO1_lat_1_1;individual_10x_05;1;1;MYCN_LMO1;MYCN_LMO1_lat_1_1;lateral;unknown;Nora;DDP;3;D;NA;NA
EGFP_ctrl_1;individual_10x_06;1;1;EGFP;EGFP_ctrl_1;control;unknown;Nora;DDP;20;E;NA;NA
LMO1_ctrl_1;individual_10x_07;1;1;LMO1;LMO1_ctrl_1;control;unknown;Nora;DDP;4;F;NA;NA
MYCN_2;individual_10x_08;1;1;MYCN;MYCN_lat_2;lateral;unknown;Nora;DDP;3;G;NA;NA
multi_seq_1_MYCNLMO1;multi_seq_01;1;1;MYCN_LMO1;MYCN_LMO1_vent_m1_1;ventral;male;Nora;DDP;5;G;NA;NA
multi_seq_2_Bar1;multi_seq_02;1;1_1;MYCN;MYCN_lat_m2_1;lateral;female;Nora;DDP;6;G;NA;NA
multi_seq_2_Bar2;multi_seq_02;1;1_1;MYCN;MYCN_lat_m2_1;lateral;female;Nora;DDP;6;G;NA;NA
multi_seq_2_Bar3;multi_seq_02;2;2;MYCN;MYCN_lat_m2_2;lateral;female;Nora;DDP;6;G;NA;NA
multi_seq_2_Bar4;multi_seq_02;3;3_1;MYCN_LMO1;MYCN_LMO1_vent_m2_2;ventral;male;Nora;DDP;6;G;NA;NA
multi_seq_2_Bar5;multi_seq_02;3;3_2;MYCN_LMO1;MYCN_LMO1_vent_m2_2;ventral;male;Nora;DDP;6;G;NA;NA
multi_seq_2_Bar6;multi_seq_02;4;4_1;MYCN_LMO1;MYCN_LMO1_mixed_m2_3;mixed;male;Nora;DDP;6;G;NA;NA
multi_seq_2_Bar7;multi_seq_02;4;4_2;MYCN_LMO1;MYCN_LMO1_mixed_m2_3;mixed;male;Nora;DDP;6;G;NA;NA
multi_seq_2_Bar9;multi_seq_02;5;5;MYCN_LMO1;MYCN_LMO1_vent_m2_1;ventral;male;Nora;DDP;6;G;NA;NA
multi_seq_2_Bar10;multi_seq_02;6;6;LMO1;LMO1_ctrl_m2;control;unknown;Nora;DDP;6;G;NA;NA
multi_seq_2_Bar11;multi_seq_02;4;4_1;MYCN_LMO1;MYCN_LMO1_mixed_m2_3;mixed;male;Nora;DDP;6;G;NA;NA
multi_seq_2_Bar13;multi_seq_02;1;1_2;MYCN;MYCN_lat_m2_1;lateral;female;Nora;DDP;6;G;NA;NA
multi_seq_2_Bar14;multi_seq_02;2;2;MYCN;MYCN_lat_m2_2;lateral;female;Nora;DDP;6;G;NA;NA
multi_seq_2_Bar15;multi_seq_02;4;4_1;MYCN_LMO1;MYCN_LMO1_mixed_m2_3;mixed;male;Nora;DDP;6;G;NA;NA
multi_seq_2_Bar16;multi_seq_02;4;4_2;MYCN_LMO1;MYCN_LMO1_mixed_m2_3;mixed;male;Nora;DDP;6;G;NA;NA
multi_seq_3_Bar1;multi_seq_03;1;1;MYCN;MYCN_lat_m3_1;lateral;male;Nora;DDP;10;H;NA;NA
multi_seq_3_Bar2;multi_seq_03;2;2_1;MYCN;MYCN_ventpost_m3_2_1;ventral_posterior;male;Nora;DDP;10;H;NA;NA
multi_seq_3_Bar9;multi_seq_03;2;2_2;MYCN;MYCN_ventpost_m3_2_1;ventral_posterior;male;Nora;DDP;10;H;NA;NA
multi_seq_3_Bar3;multi_seq_03;2;2_3;MYCN;MYCN_lat_m3_2_1;lateral;male;Nora;DDP;10;H;NA;NA
multi_seq_3_Bar11;multi_seq_03;2;2_4;MYCN;MYCN_lat_m3_2_1;lateral;male;Nora;DDP;10;H;NA;NA
multi_seq_3_Bar4;multi_seq_03;3;3;MYCN;MYCN_lat_m3_3;lateral;male;Nora;DDP;7;N;NA;NA
multi_seq_3_Bar5;multi_seq_03;4;4_1;MYCN;MYCN_lat_m3_4;lateral;male;Nora;DDP;7;N;NA;NA
multi_seq_3_Bar6;multi_seq_03;4;4_2;MYCN;MYCN_lat_m3_4;lateral;male;Nora;DDP;7;N;NA;NA
multi_seq_3_Bar7;multi_seq_03;5;5_1;MYCN_LMO1;MYCN_LMO1_vent_m3_1;ventral;male;Nora;DDP;7;N;NA;NA
multi_seq_3_Bar12;multi_seq_03;5;5_2;MYCN_LMO1;MYCN_LMO1_vent_m3_1;ventral;male;Nora;DDP;7;N;NA;NA
multi_seq_3_Bar8;multi_seq_03;6;6;MYCN_LMO1;MYCN_LMO1_vent_m3_2;ventral;male;Nora;DDP;7;N;NA;NA
multi_seq_3_Bar10;multi_seq_03;7;7;MYCN_LMO1;MYCN_LMO1_vent_3_3;ventral;male;Nora;DDP;7;N;NA;NA
multi_seq_3_Bar14;multi_seq_03;8;8;MYCN_LMO1;MYCN_LMO1_lat_m3_1;lateral;male;Nora;DDP;7;N;NA;NA
multi_seq_3_Bar15;multi_seq_03;9;9;MYCN_LMO1;MYCN_LMO1_lat_m3_2;lateral;male;Nora;DDP;7;N;NA;NA
multi_seq_4_Bar1;multi_seq_04;1;1;MYCN_LMO1;MYCN_LMO1_vent_m4_1;ventral;unknown;Luca;collagenase;6;I_J;NA;NA
multi_seq_4_Bar2;multi_seq_04;2;2;MYCN_LMO1;MYCN_LMO1_lat_m4_1;lateral;unknown;Luca;collagenase;6;I_J;NA;NA
multi_seq_4_Bar3;multi_seq_04;1;1;MYCN_LMO1;MYCN_LMO1_vent_m4_1;ventral;unknown;Luca;collagenase;6;I_J;NA;NA
multi_seq_4_Bar4;multi_seq_04;2;2;MYCN_LMO1;MYCN_LMO1_lat_m4_1;lateral;unknown;Luca;collagenase;6;I_J;NA;NA
multi_allos_1_tum_Bar1;multi_seq_05;1;1;MYCN;MYCN_lat_m5_1;lateral;unknown;Anton;collagenase;unknown;K;NA;NA
multi_allos_1_tum_Bar2;multi_seq_05;2;2;MYCN_LMO1;MYCN_LMO1_vent_m5_1;ventral;unknown;Anton;collagenase;8;I;NA;NA
multi_allos_1_tum_Bar3;multi_seq_05;3;3;MYCN_LMO1;MYCN_LMO1_vent_m5_2;ventral;unknown;Anton;collagenase;8;J;NA;NA
multi_allos_1_tum_Bar4;multi_seq_05;4;4;MYCN;MYCN_lat_m5_2;lateral;unknown;Anton;collagenase;unknown;L;NA;NA
multi_bAllos_1_tum_Bar1;multi_seq_06;1;1;MYCN;MYCN_lat_m6_1;lateral;unknown;Luca;collagenase;10;I_J;NA;NA
multi_bAllos_1_tum_Bar2;multi_seq_06;2;2;MYCN_LMO1;MYCN_LMO1_vent_m6_1;ventral;unknown;Luca;collagenase;10;I_J;NA;NA
multi_bAllos_1_tum_Bar3;multi_seq_06;3;3_1;MYCN_LMO1;MYCN_LMO1_lat_m6_2_1;lateral;unknown;Luca;collagenase;10;I_J;NA;NA
multi_bAllos_1_tum_Bar4;multi_seq_06;3;3_2;MYCN_LMO1;MYCN_LMO1_vent_m6_2_1;ventral;unknown;Luca;collagenase;10;I_J;NA;NA
multi_bAllos_2_tum_Bar1;multi_seq_07;1;1;MYCN_LMO1;MYCN_LMO1_mixed_m7_1;ventral_mixed;tba;Nora;collagenase;13;I_J;NA;NA
multi_bAllos_2_tum_Bar2;multi_seq_07;2;2;MYCN;MYCN_lat_m7_1;lateral;tba;Nora;collagenase;13;I_J;NA;NA
multi_bAllos_2_tum_Bar3;multi_seq_07;3;3;MYCN;MYCN_lat_m7_2;lateral;tba;Nora;collagenase;13;I_J;NA;NA
multi_bAllos_2_tum_Bar4;multi_seq_07;4;4_1;MYCN_LMO1;MYCN_LMO1_lat_m7_1_1;lateral;tba;Nora;collagenase;13;I_J;NA;NA
multi_bAllos_2_tum_Bar5;multi_seq_07;4;4_2;MYCN_LMO1;MYCN_LMO1_vent_m7_1_1;ventral;tba;Nora;collagenase;13;I_J;NA;NA
multi_bAllos_2_tum_Bar6;multi_seq_07;5;5;MYCN_LMO1;MYCN_LMO1_vent_m7_2;ventral;unknown;Luca;collagenase;13;I_J;NA;NA
multi_bAllos_2_tum_Bar7;multi_seq_07;6;6;MYCN_LMO1;MYCN_LMO1_lat_m7_2;lateral;unknown;Luca;collagenase;13;I_J;NA;NA
multi_bAllos_2_tum_Bar8;multi_seq_07;7;7_1;MYCN_LMO1;MYCN_LMO1_lat_m7_3_1;lateral;unknown;Luca;collagenase;13;I_J;NA;NA
multi_bAllos_2_tum_Bar9;multi_seq_07;7;7_2;MYCN_LMO1;MYCN_LMO1_vent_m7_3_1;ventral;unknown;Luca;collagenase;13;I_J;NA;NA
multi_bAllos_2_tum_Bar10;multi_seq_07;8;8;MYCN_LMO1;MYCN_LMO1_lat_m7_4;lateral;unknown;Luca;collagenase;13;I_J;NA;NA
multi_bAllos_3_tum_Bar1;multi_seq_08;1;1;MYCN_LMO1;MYCN_LMO1_vent_m8_1;ventral;male;Nora;collagenase;4;M;NA;NA
multi_bAllos_3_tum_Bar2;multi_seq_08;2;2_1;MYCN_LMO1;MYCN_LMO1_vent_m8_2_1;ventral;NA;Nora;collagenase;4;M;NA;NA
multi_bAllos_3_tum_Bar3;multi_seq_08;4;4_2;MYCN;MYCN_lat_m8_4;lateral;unknown;Luca;collagenase;4;M;NA;NA
multi_bAllos_3_tum_Bar5;multi_seq_08;3;3_1;MYCN;MYCN_lat_m8_3;lateral;unknown;Luca;collagenase;4;M;NA;NA
multi_bAllos_3_tum_Bar6;multi_seq_08;3;3_2;MYCN;MYCN_lat_m8_3;lateral;unknown;Luca;collagenase;4;M;NA;NA
multi_bAllos_3_tum_Bar7;multi_seq_08;2;2_2;MYCN_LMO1;MYCN_LMO1_lat_m8_2_1;lateral;NA;Nora;collagenase;4;M;NA;NA
multi_bAllos_3_tum_Bar8;multi_seq_08;4;4_1;MYCN;MYCN_lat_m8_4;lateral;unknown;Luca;collagenase;4;M;NA;NA
multi_bAllos_4_tum_Bar1;multi_seq_09;1;1;MYCN;MYCN_lat_m9_1;lateral;male;Nora;collagenase;8;M;NA;NA
multi_bAllos_4_tum_Bar2;multi_seq_09;2;2;MYCN;MYCN_lat_m9_2;lateral;unknown;Nora;collagenase;8;M;NA;NA
multi_bAllos_4_tum_Bar3;multi_seq_09;3;3_1;MYCN;MYCN_lat_m9_3;lateral;male;Nora;collagenase;8;M;NA;NA
multi_bAllos_4_tum_Bar4;multi_seq_09;3;3_2;MYCN;MYCN_lat_m9_3;lateral;male;Nora;collagenase;8;M;NA;NA
multi_bAllos_4_tum_Bar5;multi_seq_09;4;4_1;MYCN;MYCN_lat_m9_4;lateral;unknown;Nora;collagenase;8;M;NA;NA
multi_bAllos_4_tum_Bar6;multi_seq_09;4;4_2;MYCN;MYCN_lat_m9_4;lateral;unknown;Nora;collagenase;8;M;NA;NA
multi_bAllos_4_tum_Bar7;multi_seq_09;5;5_1;MYCN_LMO1;MYCN_LMO1_vent_m9_1;ventral;male;Julia;collagenase;8;M;NA;NA
multi_bAllos_4_tum_Bar8;multi_seq_09;5;5_2;MYCN_LMO1;MYCN_LMO1_vent_m9_1;ventral;male;Julia;collagenase;8;M;NA;NA
multi_bAllos_4_tum_Bar9;multi_seq_09;6;6;MYCN_LMO1;MYCN_LMO1_vent_m9_2;ventral;female;Julia;collagenase;8;M;NA;NA
multi_bAllos_4_tum_Bar10;multi_seq_09;7;7;MYCN_LMO1;MYCN_LMO1_lat_m9_3;lateral;male;Julia;collagenase;8;M;NA;NA
multi_bAllos_4_tum_Bar11;multi_seq_09;8;8;MYCN_LMO1;MYCN_LMO1_vent_m9_4;ventral;male;Julia;collagenase;8;M;NA;NA
multi_lateAllos_1_Bar1;multi_seq_10;1;1_1;late_allograft;late_allos_1_1_1;lateral;male;Nora;collagenase;11;late_allo_1;Anton_single_sample;NA
multi_lateAllos_1_Bar2;multi_seq_10;1;1_2;late_allograft;late_allos_1_1_2;behind_eye;male;Nora;collagenase;11;late_allo_1;Anton_single_sample;NA
multi_lateAllos_1_Bar3;multi_seq_10;2;2;late_allograft;late_allos_1_2;behind_eye;male;Nora;collagenase;11;late_allo_1;Anton_single_sample;NA
multi_lateAllos_1_Bar4;multi_seq_10;3;3;late_allograft;late_allos_1_3;head_bone;female;Nora;collagenase;11;late_allo_1;Anton_single_sample;NA
multi_lateAllos_1_Bar5;multi_seq_10;4;4;late_allograft;late_allos_1_4;ventral;female;Nora;collagenase;11;late_allo_1;Anton_single_sample;NA
multi_lateAllos_1_Bar6;multi_seq_10;5;5_1;late_allograft;late_allos_1_5_1;ventral_cartilage;male;Nora;collagenase;11;late_allo_1;Anton_single_sample;NA
multi_lateAllos_1_Bar7;multi_seq_10;5;5_2;late_allograft;late_allos_1_5_2;digestive_tract;male;Nora;collagenase;11;late_allo_1;Anton_single_sample;NA
multi_lateAllos_1_Bar8;multi_seq_10;6;6;late_allograft;late_allos_1_6;head_bone;female;Nora;collagenase;11;late_allo_1;Anton_single_sample;NA
multi_lateAllos_1_Bar9;multi_seq_10;7;7;late_allograft;late_allos_1_7;spread_out;female;Nora;collagenase;11;late_allo_1;Anton_single_sample;NA
multi_lateAllos_1_Bar10;multi_seq_10;1;1_1;late_allograft;late_allos_1_1_1;lateral;male;Nora;collagenase;11;late_allo_1;Anton_single_sample;NA
multi_lateAllos_1_Bar11;multi_seq_10;3;3;late_allograft;late_allos_1_3;head_bone;female;Nora;collagenase;11;late_allo_1;Anton_single_sample;NA
multi_lateAllos_1_Bar12;multi_seq_10;4;4;late_allograft;late_allos_1_4;ventral;female;Nora;collagenase;11;late_allo_1;Anton_single_sample;NA
multi_allos_1_allos_Bar1;multi_seq_11;early_allograft_pericard;early_allograft_pericard;early_allograft_pericard;early_allos_1_1;early_allograft_pericard;early_allograft_pericard;Nora;collagenase;0;early_allo_pericard_1;mixed_unequal_ratios;mixed_okay
multi_allos_1_allos_Bar2;multi_seq_11;early_allograft_pericard;early_allograft_pericard;early_allograft_pericard;early_allos_1_2;early_allograft_pericard;early_allograft_pericard;Nora;collagenase;0;early_allo_pericard_1;mixed_unequal_ratios;mixed_okay
multi_allos_1_allos_Bar3;multi_seq_11;early_allograft_pericard;early_allograft_pericard;early_allograft_pericard;early_allos_1_3;early_allograft_pericard;early_allograft_pericard;Nora;collagenase;0;early_allo_pericard_1;mixed_unequal_ratios;mixed_okay
multi_allos_1_allos_Bar4;multi_seq_11;early_allograft_pericard;early_allograft_pericard;early_allograft_pericard;early_allos_1_4;early_allograft_pericard;early_allograft_pericard;Nora;collagenase;0;early_allo_pericard_1;mixed_unequal_ratios;mixed_okay
multi_allos_1_allos_Bar5;multi_seq_11;early_allograft_pericard;early_allograft_pericard;early_allograft_pericard;early_allos_1_5;early_allograft_pericard;early_allograft_pericard;Nora;collagenase;0;early_allo_pericard_1;mixed_unequal_ratios;mixed_okay
multi_allos_1_allos_Bar6;multi_seq_11;early_allograft_pericard;early_allograft_pericard;early_allograft_pericard;early_allos_1_6;early_allograft_pericard;early_allograft_pericard;Nora;collagenase;0;early_allo_pericard_1;mixed_unequal_ratios;mixed_okay
multi_allos_1_allos_Bar7;multi_seq_11;early_allograft_pericard;early_allograft_pericard;early_allograft_pericard;early_allos_1_7;early_allograft_pericard;early_allograft_pericard;Nora;collagenase;0;early_allo_pericard_1;mixed_unequal_ratios;mixed_okay
multi_allos_1_allos_Bar8;multi_seq_11;early_allograft_pericard;early_allograft_pericard;early_allograft_pericard;early_allos_1_8;early_allograft_pericard;early_allograft_pericard;Nora;collagenase;0;early_allo_pericard_1;mixed_unequal_ratios;mixed_okay
multi_allos_1_allos_Bar9;multi_seq_11;early_allograft_pericard;early_allograft_pericard;early_allograft_pericard;early_allos_1_9;early_allograft_pericard;early_allograft_pericard;Nora;collagenase;0;early_allo_pericard_1;mixed_unequal_ratios;mixed_okay
multi_allos_1_allos_Bar10;multi_seq_11;early_allograft_pericard;early_allograft_pericard;early_allograft_pericard;early_allos_1_10;early_allograft_pericard;early_allograft_pericard;Nora;collagenase;0;early_allo_pericard_1;mixed_unequal_ratios;mixed_okay
multi_bAllos_1_allos_Bar1;multi_seq_12;early_allograft;early_allograft;early_allograft;early_allos_b1_1;early_allograft;early_allograft;Nora;collagenase;0;early_allo_b1;mixed_unequal_ratios;deformed
multi_bAllos_1_allos_Bar2;multi_seq_12;early_allograft;early_allograft;early_allograft;early_allos_b1_2;early_allograft;early_allograft;Luca;collagenase;0;early_allo_b1;mixed_unequal_ratios;deformed
multi_bAllos_1_allos_Bar3;multi_seq_12;early_allograft;early_allograft;early_allograft;early_allos_b1_3;early_allograft;early_allograft;Nora;collagenase;0;early_allo_b1;mixed_unequal_ratios;healthy
multi_bAllos_1_allos_Bar4;multi_seq_12;early_allograft;early_allograft;early_allograft;early_allos_b1_4;early_allograft;early_allograft;Luca;collagenase;0;early_allo_b1;mixed_unequal_ratios;healthy
multi_bAllos_2_allos;multi_seq_13;early_allograft;early_allograft;early_allograft;early_allos_b2;early_allograft;early_allograft;Nora;collagenase;0;early_allo_b2;mixed_unequal_ratios;mixed_okay
multi_bAllos_2_lateAllos_Bar1;multi_seq_14;3;3;late_allograft;late_allos_b2_3;ventral;unknown;Nora;collagenase;10;late_allo_b2;mixed_unequal_ratios;NA
multi_bAllos_2_lateAllos_Bar2;multi_seq_14;1;1_2;late_allograft;late_allos_b2_1_2;ventral;male;Nora;collagenase;10;late_allo_b2;mixed_unequal_ratios;NA
multi_bAllos_2_lateAllos_Bar3;multi_seq_14;7;7;late_allograft;late_allos_b2_7;behind_eye;unknown;Nora;collagenase;10;late_allo_b2;mixed_unequal_ratios;NA
multi_bAllos_2_lateAllos_Bar4;multi_seq_14;9;9;late_allograft;late_allos_b2_9;behind_eye;unknown;Nora;collagenase;10;late_allo_b2;mixed_unequal_ratios;NA
multi_bAllos_2_lateAllos_Bar5;multi_seq_14;5;5;late_allograft;late_allos_b2_5;ventral;male;Nora;collagenase;10;late_allo_b2;mixed_unequal_ratios;NA
multi_bAllos_2_lateAllos_Bar6;multi_seq_14;8;8;late_allograft;late_allos_b2_8;behind_eye;unknown;Nora;collagenase;10;late_allo_b2;mixed_unequal_ratios;NA
multi_bAllos_2_lateAllos_Bar7;multi_seq_14;1;1_1;late_allograft;late_allos_b2_1_1;behind_eye;male;Nora;collagenase;10;late_allo_b2;mixed_unequal_ratios;NA
multi_bAllos_2_lateAllos_Bar8;multi_seq_14;4;4_1;late_allograft;late_allos_b2_4_1;ventral;female;Nora;collagenase;10;late_allo_b2;mixed_unequal_ratios;NA
multi_bAllos_2_lateAllos_Bar9;multi_seq_14;10;10;late_allograft;late_allos_b2_10;ventral;unknown;Nora;collagenase;10;late_allo_b2;mixed_unequal_ratios;NA
multi_bAllos_2_lateAllos_Bar10;multi_seq_14;6;6;late_allograft;late_allos_b2_6;behind_eye;unknown;Nora;collagenase;10;late_allo_b2;mixed_unequal_ratios;NA
multi_bAllos_2_lateAllos_Bar11;multi_seq_14;2;2;late_allograft;late_allos_b2_2;behind_eye;unknown;Nora;collagenase;10;late_allo_b2;mixed_unequal_ratios;NA
multi_bAllos_2_lateAllos_Bar12;multi_seq_14;4;4_2;late_allograft;late_allos_b2_4_2;behind_eye;female;Nora;collagenase;10;late_allo_b2;mixed_unequal_ratios;NA
multi_bAllos_3_allos_Bar1;multi_seq_15;early_allograft;early_allograft;early_allograft;early_allos_b3_1;early_allograft;early_allograft;Nora;collagenase;0;early_allo_b3;mixed_unequal_ratios;mixed
multi_bAllos_3_allos_Bar2;multi_seq_15;early_allograft;early_allograft;early_allograft;early_allos_b3_2;early_allograft;early_allograft;Nora;collagenase;0;early_allo_b3;mixed_unequal_ratios;mixed
multi_bAllos_3_allos_Bar3;multi_seq_15;early_allograft;early_allograft;early_allograft;early_allos_b3_3;early_allograft;early_allograft;Nora;collagenase;0;early_allo_b3;mixed_unequal_ratios;mixed
multi_bAllos_3_allos_Bar4;multi_seq_15;early_allograft;early_allograft;early_allograft;early_allos_b3_4;early_allograft;early_allograft;Nora;collagenase;0;early_allo_b3;mixed_unequal_ratios;healthy
multi_bAllos_3_allos_Bar5;multi_seq_15;early_allograft;early_allograft;early_allograft;early_allos_b3_5;early_allograft;early_allograft;Nora;collagenase;0;early_allo_b3;mixed_unequal_ratios;mixed
multi_bAllos_4_allos_Bar1;multi_seq_16;early_allograft;early_allograft;early_allograft;early_allos_b4_1;early_allograft;early_allograft;Nora;collagenase;0;early_allo_b4;all_equal;healthy
multi_bAllos_4_allos_Bar2;multi_seq_16;early_allograft;early_allograft;early_allograft;early_allos_b4_2;early_allograft;early_allograft;Nora;collagenase;0;early_allo_b4;all_equal;mixed
multi_bAllos_4_allos_Bar3;multi_seq_16;early_allograft;early_allograft;early_allograft;early_allos_b4_3;early_allograft;early_allograft;Nora;collagenase;0;early_allo_b4;all_equal;deformed
multi_bAllos_4_allos_Bar4;multi_seq_16;early_allograft;early_allograft;early_allograft;early_allos_b4_4;early_allograft;early_allograft;Nora;collagenase;0;early_allo_b4;all_equal;deformed
multi_bAllos_4_allos_Bar5;multi_seq_16;early_allograft;early_allograft;early_allograft;early_allos_b4_5;early_allograft;early_allograft;Nora;collagenase;0;early_allo_b4;all_equal;cell_blob
multi_bAllos_4_allos_Bar6;multi_seq_16;early_allograft;early_allograft;early_allograft;early_allos_b4_6;early_allograft;early_allograft;Nora;collagenase;0;early_allo_b4;onetoone_MYCN_MYCNLMO1;healthy
multi_bAllos_4_allos_Bar7;multi_seq_16;early_allograft;early_allograft;early_allograft;early_allos_b4_7;early_allograft;early_allograft;Nora;collagenase;0;early_allo_b4;onetoone_MYCN_MYCNLMO1;healthy
multi_bAllos_4_allos_Bar8;multi_seq_16;early_allograft;early_allograft;early_allograft;early_allos_b4_8;early_allograft;early_allograft;Nora;collagenase;0;early_allo_b4;onetoone_MYCN_MYCNLMO1;mixed
multi_bAllos_4_allos_Bar9;multi_seq_16;early_allograft;early_allograft;early_allograft;early_allos_b4_9;early_allograft;early_allograft;Nora;collagenase;0;early_allo_b4;onetoone_MYCN_MYCNLMO1;deformed
multi_bAllos_4_lateAllos_Bar1;multi_seq_18;1;1_and_2;late_allograft;late_allos_b4_1_1;lateral;male;Nora;collagenase;9;late_allo_b4;all_equal;NA
multi_bAllos_4_lateAllos_Bar2;multi_seq_18;1;3;late_allograft;late_allos_b4_1_2;dorsal;male;Nora;collagenase;9;late_allo_b4;all_equal;NA
multi_bAllos_4_lateAllos_Bar3;multi_seq_18;2;1;late_allograft;late_allos_b4_2_1;ventral;male;Nora;collagenase;9;late_allo_b4;all_equal;NA
multi_bAllos_4_lateAllos_Bar4;multi_seq_18;2;2;late_allograft;late_allos_b4_2_2;behind_eye_within_cartilage;male;Nora;collagenase;9;late_allo_b4;all_equal;NA
multi_bAllos_4_lateAllos_Bar5;multi_seq_18;2;3;late_allograft;late_allos_b4_2_3;lateral_slightly_ventral;male;Nora;collagenase;9;late_allo_b4;all_equal;NA
multi_bAllos_4_lateAllos_Bar6;multi_seq_18;2;4;late_allograft;late_allos_b4_2_4;ventral_further_back;male;Nora;collagenase;9;late_allo_b4;all_equal;NA
multi_bAllos_4_lateAllos_Bar7;multi_seq_18;2;5;late_allograft;late_allos_b4_2_5;tail_within_muscle;male;Nora;collagenase;9;late_allo_b4;all_equal;NA
multi_bAllos_4_lateAllos_Bar8;multi_seq_18;1;3;late_allograft;late_allos_b4_1_2;dorsal;male;Nora;collagenase;9;late_allo_b4;all_equal;NA
multi_seq_17_Bar1;multi_seq_17;1;1_1;MYCN;MYCN_lat_m17_1_1;lateral;unknown;Nora;collagenase;20;M;NA;NA
multi_seq_17_Bar3;multi_seq_17;2;2_1;MYCN;MYCN_lat_m17_2_1;lateral;male;Nora;collagenase;20;M;NA;NA
multi_seq_17_Bar5;multi_seq_17;3;3;MYCN;MYCN_lat_m17_3;lateral;unknown;Nora;collagenase;20;M;NA;NA
multi_seq_17_Bar6;multi_seq_17;4;4_1;MYCN;MYCN_lat_m17_4_1;lateral;male;Nora;collagenase;20;M;NA;NA
multi_seq_17_Bar9;multi_seq_17;5;5_1;MYCN_LMO1;MYCN_LMO1_lat_m17_5_1;lateral;male;Nora;collagenase;20;M;NA;NA
multi_seq_17_Bar10;multi_seq_17;5;5_2;MYCN_LMO1;MYCN_LMO1_vent_m17_5_1;ventral_mixed;male;Nora;collagenase;20;M;NA;NA
multi_bAllos_4_lateAllos_02_Bar1;multi_seq_19;1;1_1;late_allograft;late_allos_b4_3_1;behind_right_eye;unknown;Nora;collagenase;13;late_allo_b4;onetoone_MYCN_MYCNLMO1;NA
multi_bAllos_4_lateAllos_02_Bar2;multi_seq_19;1;1_2;late_allograft;late_allos_b4_3_2;behind_left_eye;unknown;Nora;collagenase;13;late_allo_b4;onetoone_MYCN_MYCNLMO1;NA
multi_bAllos_4_lateAllos_02_Bar3;multi_seq_19;2;2_1;late_allograft;late_allos_b4_4_1;ventral;male;Nora;collagenase;13;late_allo_b4;onetoone_MYCN_MYCNLMO1;NA
multi_bAllos_4_lateAllos_02_Bar4;multi_seq_19;2;2_2;late_allograft;late_allos_b4_4_2;ventral_further_back;male;Nora;collagenase;13;late_allo_b4;onetoone_MYCN_MYCNLMO1;NA
multi_bAllos_4_lateAllos_02_Bar5;multi_seq_19;3;3_1;late_allograft;late_allos_b4_5_1;behind_eye_towards_brain;female;Nora;collagenase;13;late_allo_b4;onetoone_MYCN_MYCNLMO1;NA
multi_bAllos_4_lateAllos_02_Bar6;multi_seq_19;4;4_1;late_allograft;late_allos_b4_6_1;ventral;female;Nora;collagenase;13;late_allo_b4;onetoone_MYCN_MYCNLMO1;NA
multi_bAllos_4_lateAllos_02_Bar7;multi_seq_19;4;4_2;late_allograft;late_allos_b4_6_1;ventral;female;Nora;collagenase;13;late_allo_b4;onetoone_MYCN_MYCNLMO1;NA
multi_bAllos_4_lateAllos_02_Bar8;multi_seq_19;4;4_3;late_allograft;late_allos_b4_6_1;ventral;female;Nora;collagenase;13;late_allo_b4;onetoone_MYCN_MYCNLMO1;NA
multi_bAllos_4_lateAllos_02_Bar9;multi_seq_19;5;5_1;late_allograft;late_allos_b4_7_1;ventral;male;Nora;collagenase;13;late_allo_b4;onetoone_MYCN_MYCNLMO1;NA
multi_bAllos_4_lateAllos_02_Bar10;multi_seq_19;5;5_2;late_allograft;late_allos_b4_7_2;ventral_further_back;male;Nora;collagenase;13;late_allo_b4;onetoone_MYCN_MYCNLMO1;NA
multi_bAllos_4_lateAllos_02_Bar11;multi_seq_19;6;6_1;late_allograft;late_allos_b4_8_1;towards_ventral;male;Nora;collagenase;13;late_allo_b4;onetoone_MYCN_MYCNLMO1;NA
multi_bAllos_4_lateAllos_02_Bar12;multi_seq_19;6;6_2;late_allograft;late_allos_b4_8_2;behind_eye;male;Nora;collagenase;13;late_allo_b4;onetoone_MYCN_MYCNLMO1;NA
multi_bAllos_4_lateAllos_02_Bar13;multi_seq_19;6;6_3;late_allograft;late_allos_b4_8_3;close_to_skull_roof;male;Nora;collagenase;13;late_allo_b4;onetoone_MYCN_MYCNLMO1;NA
multi_bAllos_4_lateAllos_02_Bar14;multi_seq_19;7;7_1;late_allograft;late_allos_b4_9_1;ventral;male;Nora;collagenase;13;late_allo_b4;onetoone_MYCN_MYCNLMO1;NA
multi_bAllos_4_lateAllos_02_Bar15;multi_seq_19;7;7_2;late_allograft;late_allos_b4_9_2;close_to_skull_roof;male;Nora;collagenase;13;late_allo_b4;onetoone_MYCN_MYCNLMO1;NA
multi_bAllos_4_lateAllos_02_Bar16;multi_seq_19;8;8_1;late_allograft;late_allos_b4_10_1;ventral;male;Nora;collagenase;13;late_allo_b4;all_equal;NA
multi_bAllos_4_lateAllos_02_Bar17;multi_seq_19;1;1_3;late_allograft;late_allos_b4_3_1;behind_right_eye;unknown;Nora;collagenase;13;late_allo_b4;onetoone_MYCN_MYCNLMO1;NA
multi_bAllos_4_lateAllos_02_Bar18;multi_seq_19;1;1_4;late_allograft;late_allos_b4_3_1;behind_right_eye;unknown;Nora;collagenase;13;late_allo_b4;onetoone_MYCN_MYCNLMO1;NA
multi_bAllos_4_lateAllos_02_Bar19;multi_seq_19;1;1_5;late_allograft;late_allos_b4_3_1;behind_right_eye;unknown;Nora;collagenase;13;late_allo_b4;onetoone_MYCN_MYCNLMO1;NA